price,sqft_living,view,floors
-0.5068955964653293,-0.8568337071353782,-0.30608152759295737,2.7794189935688567
0.7886258143761959,1.5467705503175722,-0.30608152759295737,0.9095029478955516
5.185112162968037,5.621972314090074,-0.30608152759295737,0.9095029478955516
-0.6657802977949504,-1.230484914430337,-0.30608152759295737,0.9095029478955516
0.024451510481230176,1.0223478032369284,-0.30608152759295737,-0.9604130977777536
-0.6780021978972289,0.006278730768181197,-0.30608152759295737,0.9095029478955516
1.0177864412939186,0.43237221277120425,-0.30608152759295737,-0.9604130977777536
-0.8460533243035588,-0.20130527328457362,-0.30608152759295737,-0.9604130977777536
-0.44899434473078476,-0.8459082332378649,-0.30608152759295737,2.7794189935688567
0.9184835029629054,0.03905515246072143,-0.30608152759295737,1.8444609707322042
-0.5313393966698864,-0.8240572854428381,-0.30608152759295737,0.9095029478955516
2.087202700243291,3.600759643050093,-0.30608152759295737,-0.9604130977777536
1.0483411915496148,0.77106190359412,-0.30608152759295737,0.9095029478955516
-0.27087237264017733,-0.12482695600197974,-0.30608152759295737,0.9095029478955516
1.1766711426235394,1.2845591767772502,-0.30608152759295737,0.9095029478955516
-0.15857144355039096,-0.9770139200080258,-0.30608152759295737,0.9095029478955516
-0.6138372223602666,-0.44166569902986863,-0.30608152759295737,-0.02545507494110098
-0.9377175750706479,-1.4358838237035891,-0.30608152759295737,-0.9604130977777536
2.01081582460405,-0.6164732813900832,4.926180057297974,-0.02545507494110098
0.05531180823948349,0.47607410836125785,-0.30608152759295737,-0.9604130977777536
1.0941733169331593,2.8141255224291277,-0.30608152759295737,0.9095029478955516
-0.8766080745592552,-0.9879393939055392,-0.30608152759295737,-0.9604130977777536
3.156618959192663,1.6669507631902196,-0.30608152759295737,-0.9604130977777536
1.0228279750861085,0.04998062635823484,-0.30608152759295737,-0.02545507494110098
-0.00579769227190921,0.454223160566231,-0.30608152759295737,-0.9604130977777536
-0.5863379471301399,-1.326629084728455,-0.30608152759295737,-0.02545507494110098
0.6358520630977141,0.9349440120568211,-0.30608152759295737,0.9095029478955516
0.12253225880201546,-0.004646743129332213,1.0019838686297755,-0.9604130977777536
2.362195452544558,1.4593667591374648,-0.30608152759295737,0.9095029478955516
-0.5175897590548231,0.3886703171811506,-0.30608152759295737,-0.9604130977777536
-0.40300944559596175,0.08275704805077508,-0.30608152759295737,0.9095029478955516
-0.5557831968744436,-0.4307402251323552,-0.30608152759295737,-0.9604130977777536
1.4455529448736675,0.8693911686717406,4.926180057297974,-0.9604130977777536
-0.9682723253263442,-1.2392252935483477,-0.30608152759295737,-0.9604130977777536
0.32113813546404174,1.0004968554419016,-0.30608152759295737,0.9095029478955516
1.246947068211641,2.6283924661714,-0.30608152759295737,-0.02545507494110098
-1.0904913263491296,-0.8240572854428381,-0.30608152759295737,-0.9604130977777536
-0.6321700725136844,-0.20130527328457362,-0.30608152759295737,0.9095029478955516
-1.0141044507098889,-1.1845979240607807,-0.30608152759295737,0.9095029478955516
-0.06079624273216264,-0.35426190784976136,-0.30608152759295737,-0.9604130977777536
0.6969615636091069,-0.44166569902986863,-0.30608152759295737,-0.9604130977777536
-0.1281694670459731,-1.250150767445861,-0.30608152759295737,-0.9604130977777536
0.6389075381232838,1.0769751727244954,-0.30608152759295737,0.9095029478955516
-0.6474474476415326,-0.026497690924359035,-0.30608152759295737,-0.9604130977777536
-0.23495831918963184,-0.11390148210446632,-0.30608152759295737,-0.9604130977777536
0.9413995656546776,0.24663915651347623,-0.30608152759295737,-0.9604130977777536
1.239308380647717,1.2736337028797369,-0.30608152759295737,-0.02545507494110098
-0.7330007483574823,0.060906100255748254,-0.30608152759295737,0.9095029478955516
-0.12801669329469462,-0.9114610766229453,-0.30608152759295737,2.7794189935688567
-1.0416037259400155,-0.7257280203652173,-0.30608152759295737,-0.9604130977777536
-0.8460533243035588,-0.9114610766229453,-0.30608152759295737,0.9095029478955516
1.0034257086737413,0.24663915651347623,-0.30608152759295737,-0.02545507494110098
-0.6199481724114059,-1.140896028470727,-0.30608152759295737,-0.9604130977777536
0.452523561563536,0.5962543212339054,-0.30608152759295737,0.9095029478955516
0.7519601140693603,1.69972718488276,-0.30608152759295737,0.9095029478955516
-0.6924393173930454,-0.7475789681602442,-0.30608152759295737,-0.9604130977777536
-0.11273931816684643,-0.20130527328457362,-0.30608152759295737,-0.9604130977777536
-0.5313393966698864,-0.9223865505204587,-0.30608152759295737,-0.9604130977777536
1.239308380647717,0.9349440120568211,2.310049264852508,-0.02545507494110098
-1.179100102090649,-1.2610762413433745,-0.30608152759295737,-0.9604130977777536
0.20808555951796523,-0.015572217026845624,2.310049264852508,-0.02545507494110098
-0.37245469534026543,-0.7038770725701905,-0.30608152759295737,2.7794189935688567
-1.0691030011701421,-1.5560640365762366,-0.30608152759295737,-0.9604130977777536
1.1247280671888558,0.6290307429264456,-0.30608152759295737,-0.9604130977777536
2.3163633271610133,0.2247882087184494,3.6181146610752415,0.9095029478955516
2.4581373683474443,1.3719629679573575,-0.30608152759295737,-0.9604130977777536
0.9108448153989813,0.5197760039513115,-0.30608152759295737,-0.02545507494110098
-0.7391116984086216,-0.8349827593403515,-0.30608152759295737,-0.9604130977777536
-0.11273931816684643,0.7164345341065529,-0.30608152759295737,-0.9604130977777536
-1.3196519532668523,-0.955162972212999,-0.30608152759295737,-0.9604130977777536
0.6236301629954356,0.5416269517463383,-0.30608152759295737,0.9095029478955516
-1.011048975684319,-0.8459082332378649,-0.30608152759295737,-0.9604130977777536
0.40669143617999154,0.3012665260010433,-0.30608152759295737,-0.9604130977777536
0.587575557693714,0.6945835863115261,-0.30608152759295737,-0.02545507494110098
2.087202700243291,1.0332732771344417,3.6181146610752415,-0.9604130977777536
0.22336293464581342,-0.0920505343094395,3.6181146610752415,-0.02545507494110098
0.26919506002935795,-0.3870383295423016,-0.30608152759295737,0.9095029478955516
2.2063662262405064,1.492143180830005,-0.30608152759295737,0.9095029478955516
-0.7345284858702672,-1.4140328759085623,-0.30608152759295737,0.9095029478955516
-0.5282839216443168,-1.250150767445861,-0.30608152759295737,0.9095029478955516
0.2844724351572061,-0.6055478074925698,-0.30608152759295737,2.7794189935688567
1.5032647571566267,1.25178275508471,-0.30608152759295737,0.9095029478955516
-0.4855072712863419,0.03905515246072143,-0.30608152759295737,0.9095029478955516
1.5524945707686046,1.2627082289822233,-0.30608152759295737,0.9095029478955516
-0.2655130694453282,1.3501120201623307,-0.30608152759295737,0.9095029478955516
0.8494297673850316,1.120677068314549,-0.30608152759295737,0.9095029478955516
0.2539176849015098,-0.34333643395224794,-0.30608152759295737,0.9095029478955516
0.33336003556632027,0.6727326385164992,-0.30608152759295737,0.9095029478955516
-0.1891261938060873,1.863609293345461,-0.30608152759295737,-0.9604130977777536
0.6572403882767016,1.1643789639046027,-0.30608152759295737,0.9095029478955516
-0.25023569431748,0.24663915651347623,-0.30608152759295737,-0.9604130977777536
-0.838888235368598,0.42144673887369083,-0.30608152759295737,-0.9604130977777536
-0.03635244252760556,-0.4853675946199223,-0.30608152759295737,-0.9604130977777536
-0.28231818208596116,-0.3870383295423016,-0.30608152759295737,-0.9604130977777536
-0.7727219236898876,-1.1299705545732135,-0.30608152759295737,-0.9604130977777536
-0.5160620215420383,0.9578875072415993,-0.30608152759295737,0.9095029478955516
-0.051629817655453734,0.35589389548861033,-0.30608152759295737,0.9095029478955516
0.7183498887880942,1.623248867600166,-0.30608152759295737,0.9095029478955516
0.02475705798378714,0.13738441753834213,-0.30608152759295737,-0.9604130977777536
-0.057740767706593005,-0.9660884461105124,-0.30608152759295737,-0.9604130977777536
0.2630841099782187,0.14830989143585555,-0.30608152759295737,-0.9604130977777536
0.11947678377644583,-0.03742316482187245,-0.30608152759295737,-0.9604130977777536
-0.9071628248149516,-0.11390148210446632,-0.30608152759295737,-0.9604130977777536
-0.3877320704681136,-0.1794543254895468,-0.30608152759295737,-0.9604130977777536
4.134370967374946,1.087900646622009,-0.30608152759295737,0.9095029478955516
-0.9682723253263442,-0.955162972212999,-0.30608152759295737,-0.9604130977777536
-0.7788328737410268,-0.6929515986726771,-0.30608152759295737,-0.9604130977777536
0.7861814343557402,0.8366147469792005,-0.30608152759295737,1.8444609707322042
-0.9225929736940782,-0.24500716887462726,-0.30608152759295737,-0.02545507494110098
0.15003153403214217,-0.4853675946199223,-0.30608152759295737,-0.9604130977777536
0.4830783118192324,-0.10297600820695291,-0.30608152759295737,0.9095029478955516
-0.2044035689339355,1.7652800282678403,-0.30608152759295737,-0.9604130977777536
0.10114393362302801,-0.5946223335950565,-0.30608152759295737,-0.9604130977777536
0.7000170386346765,-0.3761128556447882,-0.30608152759295737,-0.02545507494110098
-1.1821555771162187,-1.326629084728455,-0.30608152759295737,-0.9604130977777536
0.02475705798378714,1.437515811342438,-0.30608152759295737,0.9095029478955516
0.3150271854129025,-0.4198147512348418,-0.30608152759295737,0.9095029478955516
-0.23801379421520147,1.3938139157523843,-0.30608152759295737,-0.9604130977777536
1.5524945707686046,2.4863613055037255,-0.30608152759295737,0.9095029478955516
-0.5863379471301399,-0.12482695600197974,-0.30608152759295737,0.9095029478955516
0.15003153403214217,0.639956216823959,-0.30608152759295737,0.9095029478955516
6.150984484250905,3.4696539562799322,2.310049264852508,0.9095029478955516
0.5350213872539162,-0.8896101288279185,-0.30608152759295737,-0.9604130977777536
-0.9682723253263442,-0.1903797993870602,-0.30608152759295737,-0.02545507494110098
-0.9682723253263442,-1.1845979240607807,-0.30608152759295737,-0.9604130977777536
-0.6016153222579881,-1.1299705545732135,-0.30608152759295737,-0.9604130977777536
-0.952994950198496,-1.6106914060638036,-0.30608152759295737,-0.9604130977777536
-0.47939632123520265,-0.7038770725701905,2.310049264852508,-0.9604130977777536
-1.3807614537782449,-1.457734771498616,-0.30608152759295737,-0.9604130977777536
0.971954315910374,1.568621498112599,2.310049264852508,-0.9604130977777536
0.40669143617999154,0.9567949598518479,-0.30608152759295737,0.9095029478955516
1.323333943850882,1.492143180830005,3.6181146610752415,0.9095029478955516
0.7275163138648032,0.23571368261596282,-0.30608152759295737,-0.9604130977777536
-0.5252284466187471,-0.5181440163124625,-0.30608152759295737,-0.9604130977777536
0.37613668592429517,-0.20130527328457362,-0.30608152759295737,-0.02545507494110098
0.40669143617999154,1.4047393896498979,-0.30608152759295737,-0.9604130977777536
0.2386403097736616,-0.45259117292738205,-0.30608152759295737,-0.02545507494110098
1.7205456971749347,0.6727326385164992,-0.30608152759295737,0.9095029478955516
-0.28079044457317637,-0.955162972212999,-0.30608152759295737,0.9095029478955516
-0.28079044457317637,0.35589389548861033,-0.30608152759295737,-0.9604130977777536
-0.03635244252760556,-0.4744421207224089,-0.30608152759295737,-0.9604130977777536
0.2844724351572061,-0.1903797993870602,-0.30608152759295737,-0.9604130977777536
0.1164213087508762,0.18108631312839576,-0.30608152759295737,-0.9604130977777536
3.080232083553422,1.3610374940598442,2.310049264852508,-0.9604130977777536
-0.7849438237921661,-1.1299705545732135,-0.30608152759295737,-0.9604130977777536
-0.509951071490899,-1.0207158155980793,-0.30608152759295737,-0.9604130977777536
2.6219108297179767,1.5358450764200586,-0.30608152759295737,0.9095029478955516
0.05531180823948349,-0.7475789681602442,-0.30608152759295737,0.9095029478955516
-0.41828682072380996,0.060906100255748254,-0.30608152759295737,-0.9604130977777536
-0.39384302051925285,-0.7803553898527844,-0.30608152759295737,-0.9604130977777536
-0.7769995887256851,-0.1903797993870602,-0.30608152759295737,0.9095029478955516
3.4774438368774745,2.9889331047893424,2.310049264852508,0.9095029478955516
-0.9682723253263442,-0.5072185424149491,-0.30608152759295737,-0.9604130977777536
-0.6810576729227985,-0.8022063376478112,-0.30608152759295737,-0.9604130977777536
-0.6703635103333048,-0.8459082332378649,-0.30608152759295737,-0.9604130977777536
0.08586655849517984,-0.6492497030826234,-0.30608152759295737,-0.9604130977777536
-0.23495831918963184,-0.9333120244179721,-0.30608152759295737,-0.9604130977777536
-0.3266225699567209,0.017204204665694608,-0.30608152759295737,0.9095029478955516
-0.12190574324355534,-0.0920505343094395,-0.30608152759295737,0.9095029478955516
-0.051629817655453734,0.8213190835226817,-0.30608152759295737,0.9095029478955516
-0.051629817655453734,-0.5946223335950565,-0.30608152759295737,0.9095029478955516
0.360859310796447,1.3938139157523843,-0.30608152759295737,0.9095029478955516
1.0025090661660703,1.5249196025225453,-0.30608152759295737,1.8444609707322042
0.33030456054075064,0.09368252194828848,-0.30608152759295737,0.9095029478955516
-0.11273931816684643,0.7273600080040663,-0.30608152759295737,0.9095029478955516
-0.6474474476415326,-0.7366534942627307,-0.30608152759295737,-0.9604130977777536
-0.47939632123520265,-0.5509204380050028,-0.30608152759295737,-0.9604130977777536
-0.7207788482552038,-0.9879393939055392,-0.30608152759295737,2.7794189935688567
0.0125351578815086,-0.13575242989949315,-0.30608152759295737,-0.9604130977777536
1.1705601925724003,0.07183157415326166,-0.30608152759295737,1.8444609707322042
0.0003132577792300599,-0.24500716887462726,-0.30608152759295737,-0.9604130977777536
0.7886258143761959,-0.46351664682489546,-0.30608152759295737,-0.02545507494110098
0.2386403097736616,0.454223160566231,-0.30608152759295737,0.9095029478955516
-1.121046076604826,-1.0425667633931062,2.310049264852508,-0.9604130977777536
0.6052973128420178,3.9875214190220682,2.310049264852508,-0.9604130977777536
-0.6016153222579881,-0.004646743129332213,-0.30608152759295737,0.9095029478955516
-0.09746194303899826,0.04998062635823484,-0.30608152759295737,-0.9604130977777536
-0.03635244252760556,0.35589389548861033,-0.30608152759295737,-0.9604130977777536
-1.1821555771162187,-1.5560640365762366,-0.30608152759295737,-0.9604130977777536
-0.8429978492779892,-0.3761128556447882,-0.30608152759295737,-0.9604130977777536
-0.869886029503002,-0.2996345383621943,-0.30608152759295737,-0.9604130977777536
-0.8460533243035588,-0.6055478074925698,-0.30608152759295737,-0.9604130977777536
-0.5184452920619825,-0.9114610766229453,-0.30608152759295737,-0.9604130977777536
-0.6245313849497603,-0.46351664682489546,-0.30608152759295737,-0.9604130977777536
0.12405999631480027,-1.054584784680371,-0.30608152759295737,-0.9604130977777536
-0.16101582357084668,-0.2996345383621943,-0.30608152759295737,-0.02545507494110098
-0.41798127322125295,-1.4031074020110488,-0.30608152759295737,-0.9604130977777536
-0.5161322974676263,-0.4744421207224089,-0.30608152759295737,0.9095029478955516
-0.7085569481529252,-1.1736724501632672,-0.30608152759295737,-0.9604130977777536
-0.01190864232304848,-0.7912808637502978,-0.30608152759295737,-0.02545507494110098
2.6219108297179767,0.46514863446374444,2.310049264852508,0.9095029478955516
-0.6871686229739378,-0.3105600122597077,-0.30608152759295737,0.9095029478955516
0.4907169993831565,0.25756463041098965,-0.30608152759295737,0.9095029478955516
0.07058918336733166,0.1264589436408287,-0.30608152759295737,0.9095029478955516
0.553354237407334,0.6290307429264456,-0.30608152759295737,0.9095029478955516
0.6876423647811195,0.9895713815443882,-0.30608152759295737,-0.02545507494110098
0.42807976135897896,-0.3214854861572211,2.310049264852508,-0.02545507494110098
-0.6627248227693807,0.1046079958458019,-0.30608152759295737,0.9095029478955516
0.003368732804799695,-0.03742316482187245,-0.30608152759295737,-0.9604130977777536
-0.051629817655453734,-0.5727713858000296,-0.30608152759295737,-0.02545507494110098
-0.5435612967721649,-0.12482695600197974,-0.30608152759295737,-0.9604130977777536
-0.45044569536793033,-1.4140328759085623,-0.30608152759295737,-0.9604130977777536
-0.6902240979995075,-0.12482695600197974,-0.30608152759295737,0.9095029478955516
-0.6170454711371147,-1.1736724501632672,-0.30608152759295737,-0.02545507494110098
-0.1707933436526695,0.02812967856320802,-0.30608152759295737,-0.9604130977777536
-1.1668782019883706,-1.381256454216022,-0.30608152759295737,-0.9604130977777536
1.1858375677002484,1.066049698826982,-0.30608152759295737,-0.9604130977777536
-1.2310431775253328,-1.1190450806757002,-0.30608152759295737,-0.9604130977777536
0.06142275829062276,-0.3214854861572211,-0.30608152759295737,-0.9604130977777536
-0.7421671734341913,-0.955162972212999,-0.30608152759295737,-0.9604130977777536
-0.09440646801342863,-0.33241096005473453,-0.30608152759295737,0.9095029478955516
-0.13107216832026425,-0.03742316482187245,-0.30608152759295737,-0.02545507494110098
-0.5680050969767221,-0.026497690924359035,-0.30608152759295737,0.9095029478955516
-0.21968094406178365,0.2029372609234226,-0.30608152759295737,0.9095029478955516
0.5289104372027769,-0.07019958651441267,-0.30608152759295737,-0.9604130977777536
1.7663778225584792,2.5628396227863193,-0.30608152759295737,0.9095029478955516
-0.25634664436861926,-0.5072185424149491,-0.30608152759295737,-0.9604130977777536
1.2958346686207554,1.8417583455504343,-0.30608152759295737,0.9095029478955516
-0.7223218631431164,-0.015572217026845624,-0.30608152759295737,0.9095029478955516
0.003368732804799695,0.26849010430850306,-0.30608152759295737,-0.02545507494110098
-0.6168926973858362,-0.16852885159203337,-0.30608152759295737,0.9095029478955516
0.2786670326086238,0.37774484328363717,-0.30608152759295737,0.9095029478955516
-0.7085569481529252,-0.7038770725701905,-0.30608152759295737,-0.9604130977777536
-0.5864907208814183,0.14503224926660152,-0.30608152759295737,-0.9604130977777536
-0.8374979942319638,-1.5560640365762366,-0.30608152759295737,-0.9604130977777536
-0.9407730500962175,-0.5399949641074894,-0.30608152759295737,-0.9604130977777536
0.6052973128420178,1.4265903374449247,-0.30608152759295737,0.9095029478955516
0.20044687195404115,0.1046079958458019,-0.30608152759295737,-0.02545507494110098
-0.9743832753774835,-0.8568337071353782,-0.30608152759295737,-0.9604130977777536
-0.4335641958516581,-1.250150767445861,-0.30608152759295737,-0.9604130977777536
0.7947367644273352,0.4979250561562847,-0.30608152759295737,0.9095029478955516
-0.8827190246103944,0.11553346974331531,-0.30608152759295737,0.9095029478955516
1.5769383709731617,0.18108631312839576,-0.30608152759295737,-0.9604130977777536
-0.7391116984086216,-0.9442374983154855,-0.30608152759295737,-0.9604130977777536
0.2539176849015098,-0.4853675946199223,-0.30608152759295737,-0.9604130977777536
0.5044666369982198,1.1753044378021162,-0.30608152759295737,0.9095029478955516
1.246947068211641,1.306410124572277,-0.30608152759295737,0.9095029478955516
-0.37245469534026543,1.0004968554419016,-0.30608152759295737,0.9095029478955516
-0.13412764334583388,0.15923536533336896,-0.30608152759295737,-0.9604130977777536
-0.28079044457317637,0.8584656947742273,-0.30608152759295737,0.9095029478955516
1.2622244433394894,0.42144673887369083,-0.30608152759295737,0.9095029478955516
-0.9988270755820405,-0.9660884461105124,-0.30608152759295737,-0.9604130977777536
-0.32051161990558164,0.4979250561562847,-0.30608152759295737,0.9095029478955516
0.7061279886858157,0.37774484328363717,-0.30608152759295737,0.9095029478955516
2.079564012679367,3.0435604742769096,-0.30608152759295737,-0.02545507494110098
-0.8708546150861075,-0.4744421207224089,-0.30608152759295737,0.9095029478955516
0.15461474657049662,0.1264589436408287,-0.30608152759295737,-0.9604130977777536
-0.8847050833770147,-0.5181440163124625,-0.30608152759295737,-0.9604130977777536
-0.5252284466187471,0.639956216823959,-0.30608152759295737,0.9095029478955516
-0.2326667129204546,-0.9442374983154855,-0.30608152759295737,-0.9604130977777536
-1.0904913263491296,-1.064417711188133,-0.30608152759295737,-0.9604130977777536
0.12497663882247116,0.46514863446374444,-0.30608152759295737,-0.9604130977777536
-0.9071628248149516,-0.6929515986726771,-0.30608152759295737,-0.9604130977777536
-0.7330007483574823,-0.11390148210446632,-0.30608152759295737,-0.9604130977777536
-0.27603918090841556,-0.878684654930405,1.0019838686297755,-0.9604130977777536
-0.8918854496871034,-0.9770139200080258,-0.30608152759295737,-0.9604130977777536
-0.8766080745592552,-0.059274112616899265,-0.30608152759295737,0.9095029478955516
0.9108448153989813,0.880316642569254,3.6181146610752415,-0.9604130977777536
-1.0752139512212815,-1.1299705545732135,-0.30608152759295737,-0.9604130977777536
-0.5864907208814183,-0.7912808637502978,-0.30608152759295737,-0.9604130977777536
0.21725198459467415,-0.6273987552875966,-0.30608152759295737,-0.02545507494110098
-0.7391116984086216,-0.9879393939055392,-0.30608152759295737,-0.9604130977777536
-0.2655130694453282,-0.2777835905671675,-0.30608152759295737,-0.9604130977777536
-0.6321700725136844,0.02812967856320802,-0.30608152759295737,0.9095029478955516
-1.0522978885295091,-1.250150767445861,-0.30608152759295737,-0.02545507494110098
-0.3953707580320377,-0.6929515986726771,-0.30608152759295737,-0.9604130977777536
-0.4479249284718354,-1.0971941328806734,-0.30608152759295737,-0.9604130977777536
-0.6095595573244691,-1.0316412894955929,-0.30608152759295737,0.9095029478955516
0.6340187780823724,1.21900633339217,-0.30608152759295737,0.9095029478955516
-0.6886963604867227,0.02812967856320802,-0.30608152759295737,0.9095029478955516
-0.46411894610735444,0.1264589436408287,-0.30608152759295737,0.9095029478955516
-0.9682723253263442,-0.7912808637502978,-0.30608152759295737,-0.9604130977777536
0.02475705798378714,-0.15760337769451996,-0.30608152759295737,-0.9604130977777536
-0.8002211989200143,-0.8677591810328916,-0.30608152759295737,-0.02545507494110098
2.17886695101038,1.1753044378021162,-0.30608152759295737,0.9095029478955516
0.10114393362302801,-0.6929515986726771,-0.30608152759295737,-0.9604130977777536
1.399720819490123,1.9619385584230817,-0.30608152759295737,0.9095029478955516
0.13169868387872435,-0.13575242989949315,-0.30608152759295737,0.9095029478955516
0.2386403097736616,0.6071797951314188,-0.30608152759295737,0.9095029478955516
-1.0302984683454077,-0.4962930685174357,-0.30608152759295737,-0.9604130977777536
0.46780093669138423,1.120677068314549,-0.30608152759295737,0.9095029478955516
0.45221801406097906,0.6727326385164992,-0.30608152759295737,0.9095029478955516
-0.509951071490899,-0.2559326427721407,-0.30608152759295737,-0.9604130977777536
-0.2044035689339355,0.8147637991841736,-0.30608152759295737,-0.9604130977777536
-0.9988270755820405,-1.0534922372906197,-0.30608152759295737,-0.9604130977777536
4.760743347616722,1.5576960242150855,-0.30608152759295737,0.9095029478955516
0.7580710641204995,-0.3651873817472748,2.310049264852508,-0.9604130977777536
-0.5863379471301399,-0.4853675946199223,-0.30608152759295737,-0.9604130977777536
0.46780093669138423,2.66116888786394,-0.30608152759295737,0.9095029478955516
-0.8521642743546981,-0.583696859697543,-0.30608152759295737,0.9095029478955516
-0.4335641958516581,-0.5399949641074894,-0.30608152759295737,-0.9604130977777536
-0.051629817655453734,0.6290307429264456,-0.30608152759295737,0.9095029478955516
-0.5864907208814183,-0.46351664682489546,-0.30608152759295737,0.9095029478955516
1.6594361966635418,1.7652800282678403,-0.30608152759295737,-0.9604130977777536
0.6175192129442963,-0.15760337769451996,-0.30608152759295737,1.8444609707322042
-0.7009182605890012,-1.3594055064209951,-0.30608152759295737,-0.9604130977777536
-0.9224401999427997,-0.7912808637502978,-0.30608152759295737,-0.9604130977777536
-0.14329406842254278,-0.08112506041192609,-0.30608152759295737,-0.02545507494110098
0.11657408250215467,0.25756463041098965,3.6181146610752415,0.9095029478955516
0.29974981028505426,0.47607410836125785,-0.30608152759295737,-0.9604130977777536
-0.3816211204169743,-0.8568337071353782,-0.30608152759295737,-0.9604130977777536
-1.1211988503561046,-1.1627469762657539,-0.30608152759295737,-0.9604130977777536
-0.7543890735364698,-1.3921819281135355,-0.30608152759295737,-0.9604130977777536
-0.3632882702635565,-0.2668581166696541,-0.30608152759295737,-0.9604130977777536
0.9077893403734116,-0.9770139200080258,-0.30608152759295737,-0.9604130977777536
-0.6077262723091273,0.18108631312839576,-0.30608152759295737,-0.9604130977777536
-0.22884736913849257,-0.5072185424149491,-0.30608152759295737,-0.9604130977777536
-0.08982325547507418,-0.3105600122597077,-0.30608152759295737,0.9095029478955516
0.10114393362302801,0.9786459076468748,-0.30608152759295737,-0.9604130977777536
-0.23495831918963184,-0.7803553898527844,-0.30608152759295737,-0.9604130977777536
-0.8307759491757106,-1.2173743457533208,-0.30608152759295737,-0.9604130977777536
-0.6168926973858362,-0.1794543254895468,-0.30608152759295737,-0.9604130977777536
0.6816841884812587,1.5904724459076258,-0.30608152759295737,0.9095029478955516
-0.1371831183714035,0.1264589436408287,-0.30608152759295737,0.9095029478955516
0.7980977869554617,1.2954846506747637,-0.30608152759295737,0.9095029478955516
-0.6046707972835577,-0.9748288252285231,-0.30608152759295737,2.7794189935688567
0.8770818163664368,1.972864032320595,1.0019838686297755,0.9095029478955516
-0.47517976569991655,-0.44166569902986863,-0.30608152759295737,0.9095029478955516
-0.702445998101786,-0.6929515986726771,-0.30608152759295737,0.9095029478955516
0.5441878123306251,1.120677068314549,-0.30608152759295737,0.9095029478955516
1.1384777048039192,1.9947149801156219,-0.30608152759295737,2.7794189935688567
0.8497200375124607,0.9895713815443882,-0.30608152759295737,0.9095029478955516
-0.8836356671180653,-1.1518215023682403,-0.30608152759295737,-0.9604130977777536
-0.3189838823927968,0.213862734820936,2.310049264852508,0.9095029478955516
-0.5863379471301399,-1.5560640365762366,-0.30608152759295737,-0.9604130977777536
0.23558483474809194,0.6508816907214724,-0.30608152759295737,0.9095029478955516
-0.4085093006419871,-0.35426190784976136,-0.30608152759295737,0.9095029478955516
-0.27773496954760674,-0.6164732813900832,2.310049264852508,-0.02545507494110098
-0.6871686229739378,-0.397963803439815,-0.30608152759295737,-0.9604130977777536
0.7855703393506263,1.087900646622009,-0.30608152759295737,0.9095029478955516
0.5441878123306251,-0.11390148210446632,3.6181146610752415,-0.9604130977777536
-0.15857144355039096,-0.7366534942627307,-0.30608152759295737,-0.02545507494110098
-0.9227457474453566,-0.2887090644646809,-0.30608152759295737,-0.9604130977777536
-0.2930123446754549,0.15923536533336896,-0.30608152759295737,-0.9604130977777536
-0.8154985740478625,-0.7038770725701905,-0.30608152759295737,0.9095029478955516
-0.9225929736940782,-0.7257280203652173,-0.30608152759295737,0.9095029478955516
-0.8979963997382426,-0.2996345383621943,-0.30608152759295737,0.9095029478955516
0.23711257226087679,0.04998062635823484,-0.30608152759295737,0.9095029478955516
-0.5443251655285574,-0.4351104146913606,-0.30608152759295737,0.9095029478955516
-0.47939632123520265,-1.0316412894955929,-0.30608152759295737,-0.9604130977777536
-0.5252284466187471,-0.8240572854428381,-0.30608152759295737,-0.9604130977777536
-0.3571773202124172,0.5962543212339054,-0.30608152759295737,-0.9604130977777536
-0.6107817473346969,-0.9442374983154855,-0.30608152759295737,-0.9604130977777536
-0.6016153222579881,-0.15760337769451996,-0.30608152759295737,-0.02545507494110098
0.5588540924533594,-0.08112506041192609,-0.30608152759295737,-0.9604130977777536
0.5594651874584733,0.77106190359412,-0.30608152759295737,0.9095029478955516
0.19280818439011707,-1.326629084728455,-0.30608152759295737,-0.9604130977777536
-0.5863379471301399,0.3449684215910969,-0.30608152759295737,0.9095029478955516
0.7427936889926514,0.060906100255748254,-0.30608152759295737,-0.9604130977777536
-0.8918854496871034,-0.24500716887462726,-0.30608152759295737,-0.9604130977777536
0.07058918336733166,-0.6601751769801368,-0.30608152759295737,2.7794189935688567
1.0177864412939186,0.1046079958458019,2.310049264852508,-0.9604130977777536
0.9795930034742981,1.2627082289822233,-0.30608152759295737,0.9095029478955516
-0.4335641958516581,0.6727326385164992,4.926180057297974,0.9095029478955516
-0.7922372426782008,-1.4140328759085623,-0.30608152759295737,-0.9604130977777536
-1.1225738141176107,-1.2173743457533208,-0.30608152759295737,-0.9604130977777536
-0.719251110742419,-0.07019958651441267,-0.30608152759295737,-0.9604130977777536
-0.2960678197010245,-0.14667790379700654,-0.30608152759295737,0.9095029478955516
-0.33273352000786016,0.17016083923088235,-0.30608152759295737,0.9095029478955516
-0.7207788482552038,-0.2777835905671675,-0.30608152759295737,0.9095029478955516
0.2386403097736616,-0.44166569902986863,-0.30608152759295737,-0.02545507494110098
-0.9071628248149516,-1.3703309803185086,-0.30608152759295737,-0.9604130977777536
-0.928551149993939,-1.2064488718558075,-0.30608152759295737,0.9095029478955516
-0.057740767706593005,-0.9442374983154855,-0.30608152759295737,-0.02545507494110098
-0.05926850521937782,0.26849010430850306,-0.30608152759295737,0.9095029478955516
-1.1057687014769777,-1.2282998196508341,-0.30608152759295737,-0.9604130977777536
-0.509951071490899,-1.1190450806757002,-0.30608152759295737,0.9095029478955516
-0.894940924712673,-0.7475789681602442,-0.30608152759295737,-0.9604130977777536
0.5750481100888784,1.087900646622009,-0.30608152759295737,0.9095029478955516
0.027812533009356776,0.14830989143585555,-0.30608152759295737,-0.9604130977777536
-0.509951071490899,0.7273600080040663,-0.30608152759295737,0.9095029478955516
-0.00579769227190921,-1.0753431850856465,-0.30608152759295737,-0.02545507494110098
0.19280818439011707,-0.9114610766229453,-0.30608152759295737,0.9095029478955516
-1.029381825837737,-0.4307402251323552,-0.30608152759295737,-0.9604130977777536
0.3150271854129025,1.1316025422120626,-0.30608152759295737,0.9095029478955516
-0.6963350480506467,0.23571368261596282,-0.30608152759295737,0.9095029478955516
-0.6474474476415326,-1.0425667633931062,-0.30608152759295737,-0.9604130977777536
-0.15857144355039096,-1.0534922372906197,-0.30608152759295737,-0.9604130977777536
-0.2960678197010245,-0.16852885159203337,-0.30608152759295737,-0.9604130977777536
4.455195845059758,4.769785350084028,3.6181146610752415,0.9095029478955516
-0.5023123839269749,-0.7803553898527844,-0.30608152759295737,0.9095029478955516
-0.1891261938060873,0.3340429476935835,-0.30608152759295737,0.9095029478955516
0.8038879121289162,1.3501120201623307,-0.30608152759295737,0.9095029478955516
-0.6138372223602666,-0.7038770725701905,-0.30608152759295737,0.9095029478955516
0.40669143617999154,1.1753044378021162,-0.30608152759295737,0.9095029478955516
0.21114103454353486,0.010648920327186562,-0.30608152759295737,1.8444609707322042
-0.4948264701143293,-0.2887090644646809,-0.30608152759295737,2.7794189935688567
2.2246990763939243,3.7100143820252276,3.6181146610752415,0.9095029478955516
-0.12801669329469462,-0.8896101288279185,-0.30608152759295737,0.9095029478955516
-0.40300944559596175,-0.46351664682489546,-0.30608152759295737,-0.9604130977777536
-0.3877320704681136,0.3886703171811506,-0.30608152759295737,0.9095029478955516
-0.7482781234853305,-0.16852885159203337,-0.30608152759295737,0.9095029478955516
0.10282444488709132,-0.07019958651441267,-0.30608152759295737,-0.9604130977777536
-0.022175038408962455,0.006278730768181197,-0.30608152759295737,-0.9604130977777536
-0.5786992595662158,-0.7803553898527844,2.310049264852508,-0.9604130977777536
-0.16468239360153022,-0.8349827593403515,-0.30608152759295737,-0.9604130977777536
0.5808535126374607,-0.20130527328457362,-0.30608152759295737,-0.9604130977777536
-0.9988270755820405,-0.5618459119025162,-0.30608152759295737,0.9095029478955516
0.15461474657049662,-0.769429915955271,2.310049264852508,-0.02545507494110098
-0.769666448664318,-0.46351664682489546,-0.30608152759295737,0.9095029478955516
-0.2044035689339355,-0.6929515986726771,-0.30608152759295737,-0.9604130977777536
-0.6780021978972289,0.6071797951314188,-0.30608152759295737,0.9095029478955516
2.059703425013164,1.1643789639046027,3.6181146610752415,-0.9604130977777536
-0.769666448664318,-0.004646743129332213,-0.30608152759295737,-0.02545507494110098
-0.16697399987070746,-0.4744421207224089,-0.30608152759295737,-0.02545507494110098
-0.6199481724114059,-0.3214854861572211,-0.30608152759295737,0.9095029478955516
-0.3113451948288727,-1.2173743457533208,-0.30608152759295737,-0.02545507494110098
-0.5359226092082409,-0.059274112616899265,-0.30608152759295737,-0.9604130977777536
-0.24412474426634073,-0.45259117292738205,-0.30608152759295737,-0.02545507494110098
0.05531180823948349,-0.5072185424149491,-0.30608152759295737,-0.02545507494110098
-0.7849438237921661,-0.048348638719385856,-0.30608152759295737,-0.9604130977777536
-0.8002211989200143,-0.9333120244179721,-0.30608152759295737,0.9095029478955516
-1.0141044507098889,-1.140896028470727,-0.30608152759295737,-0.9604130977777536
0.452523561563536,-0.5618459119025162,-0.30608152759295737,-0.02545507494110098
-0.8720248620209007,-1.0971941328806734,-0.30608152759295737,-0.9604130977777536
-0.3999539705703921,0.4105212649761774,-0.30608152759295737,0.9095029478955516
-0.9988270755820405,-1.2610762413433745,-0.30608152759295737,-0.9604130977777536
0.6725177634045497,1.3610374940598442,-0.30608152759295737,-0.02545507494110098
-0.555935970625722,-0.9114610766229453,-0.30608152759295737,-0.9604130977777536
-0.1891261938060873,1.3610374940598442,3.6181146610752415,0.9095029478955516
2.6371882048458253,1.4047393896498979,-0.30608152759295737,0.9095029478955516
-0.46411894610735444,0.399595791078664,-0.30608152759295737,0.9095029478955516
-0.39231528300646806,-1.4795857192936426,-0.30608152759295737,-0.9604130977777536
-0.7849438237921661,-1.4358838237035891,-0.30608152759295737,0.9095029478955516
-0.2044035689339355,1.0223478032369284,-0.30608152759295737,-0.9604130977777536
-0.4745350604695213,-0.4744421207224089,-0.30608152759295737,0.9095029478955516
-0.05178259140673222,-0.2559326427721407,-0.30608152759295737,-0.9604130977777536
-0.9193847249172301,-0.7148025464677039,-0.30608152759295737,0.9095029478955516
-0.24718021929191036,-1.1627469762657539,-0.30608152759295737,-0.9604130977777536
0.8191805646318923,1.4812177069324917,-0.30608152759295737,0.9095029478955516
1.0483411915496148,0.6618071646189858,-0.30608152759295737,-0.02545507494110098
-0.9010518747638122,-0.5946223335950565,-0.30608152759295737,0.9095029478955516
-0.7498058609981153,0.04998062635823484,-0.30608152759295737,-0.9604130977777536
-1.222487847453738,-1.3047781369334281,-0.30608152759295737,-0.9604130977777536
-0.6382810225648237,-0.5946223335950565,-0.30608152759295737,0.9095029478955516
0.18364175931340815,1.2736337028797369,-0.30608152759295737,-0.02545507494110098
0.07058918336733166,-0.015572217026845624,-0.30608152759295737,0.9095029478955516
-0.5160620215420383,-0.4962930685174357,-0.30608152759295737,0.9095029478955516
0.14086510895543328,-0.10297600820695291,-0.30608152759295737,-0.9604130977777536
-0.17384881867823915,-0.6820261247751637,-0.30608152759295737,-0.02545507494110098
-0.18148750624216323,-0.7366534942627307,-0.30608152759295737,0.9095029478955516
-0.8882188796564198,-0.8896101288279185,-0.30608152759295737,-0.9604130977777536
0.9994535911405007,2.2460008797584305,-0.30608152759295737,0.9095029478955516
-0.23801379421520147,-0.5399949641074894,-0.30608152759295737,-0.9604130977777536
0.6511294382255624,0.585328847336392,-0.30608152759295737,0.9095029478955516
-0.8002211989200143,-0.44166569902986863,-0.30608152759295737,0.9095029478955516
-0.17384881867823915,-0.9442374983154855,-0.30608152759295737,2.7794189935688567
-0.7238343232807735,-0.5618459119025162,-0.30608152759295737,-0.9604130977777536
-1.3175131207489534,-1.5779149843712634,-0.30608152759295737,-0.9604130977777536
0.9413995656546776,0.5634778995413652,2.310049264852508,0.9095029478955516
-0.5863379471301399,-0.529069490209976,-0.30608152759295737,0.9095029478955516
-0.6781549716485074,0.2029372609234226,-0.30608152759295737,-0.9604130977777536
0.4830783118192324,-0.12482695600197974,-0.30608152759295737,-0.9604130977777536
-0.5313393966698864,-0.5072185424149491,-0.30608152759295737,-0.9604130977777536
-0.3312057824950753,0.08275704805077508,-0.30608152759295737,0.9095029478955516
0.21114103454353486,0.36681936938612375,-0.30608152759295737,0.9095029478955516
1.399720819490123,0.3340429476935835,4.926180057297974,-0.9604130977777536
-0.7177233732296342,-0.8240572854428381,-0.30608152759295737,-0.9604130977777536
-0.30370650726494863,-0.35426190784976136,-0.30608152759295737,-0.9604130977777536
-0.17384881867823915,0.08275704805077508,2.310049264852508,0.9095029478955516
-0.5343948716954561,-1.5560640365762366,-0.30608152759295737,-0.9604130977777536
-0.3449554201101387,-0.22315622107960043,-0.30608152759295737,0.9095029478955516
-0.2930123446754549,0.07183157415326166,-0.30608152759295737,-0.9604130977777536
0.09350524605910393,-0.10297600820695291,-0.30608152759295737,-0.9604130977777536
-0.19829261888279623,-0.8459082332378649,-0.30608152759295737,2.7794189935688567
-0.07301814283444118,-0.4853675946199223,-0.30608152759295737,0.9095029478955516
-0.24412474426634073,-0.955162972212999,-0.30608152759295737,-0.9604130977777536
1.9802610743483535,0.1264589436408287,-0.30608152759295737,-0.02545507494110098
-1.2371541275764721,-1.2829271891384013,-0.30608152759295737,-0.9604130977777536
-0.03635244252760556,0.213862734820936,-0.30608152759295737,0.9095029478955516
0.8436243648364493,0.2794155782060165,2.310049264852508,-0.9604130977777536
0.29974981028505426,-0.63832422918511,-0.30608152759295737,2.7794189935688567
-0.7438476846982546,-0.026497690924359035,-0.30608152759295737,-0.9604130977777536
0.10114393362302801,0.4105212649761774,-0.30608152759295737,0.9095029478955516
0.5747425625863214,1.2080808594946564,-0.30608152759295737,0.9095029478955516
0.027812533009356776,0.77106190359412,-0.30608152759295737,0.9095029478955516
-0.8267732768922145,-1.3703309803185086,-0.30608152759295737,-0.02545507494110098
0.40669143617999154,0.6181052690289323,-0.30608152759295737,-0.9604130977777536
-0.19218166883165694,-0.9442374983154855,-0.30608152759295737,2.7794189935688567
-0.06690719278330191,0.6071797951314188,-0.30608152759295737,0.9095029478955516
0.1773780355109904,0.585328847336392,-0.30608152759295737,0.9095029478955516
-0.1770723448302151,-0.7038770725701905,-0.30608152759295737,-0.9604130977777536
-0.46411894610735444,-0.3870383295423016,-0.30608152759295737,-0.9604130977777536
-1.0675752636573574,-1.2829271891384013,-0.30608152759295737,-0.9604130977777536
-0.6474474476415326,-1.381256454216022,-0.30608152759295737,-0.9604130977777536
-0.8918854496871034,-0.1794543254895468,-0.30608152759295737,-0.9604130977777536
-0.9132737748660908,-0.3870383295423016,-0.30608152759295737,-0.02545507494110098
0.10114393362302801,-0.9223865505204587,-0.30608152759295737,-0.9604130977777536
0.29669433525948463,0.02812967856320802,-0.30608152759295737,0.9095029478955516
0.5136330620749288,-0.3651873817472748,-0.30608152759295737,-0.9604130977777536
0.40669143617999154,-0.14667790379700654,-0.30608152759295737,0.9095029478955516
-0.41828682072380996,0.3340429476935835,-0.30608152759295737,0.9095029478955516
0.22336293464581342,0.7601364296966066,-0.30608152759295737,-0.9604130977777536
-0.15857144355039096,-0.23408169497711384,-0.30608152759295737,-0.9604130977777536
-0.22884736913849257,-0.9333120244179721,-0.30608152759295737,0.9095029478955516
-0.1891261938060873,-0.08112506041192609,-0.30608152759295737,-0.9604130977777536
0.6511294382255624,0.02812967856320802,-0.30608152759295737,-0.9604130977777536
0.6664068133534105,0.35589389548861033,2.310049264852508,-0.9604130977777536
-0.4732853711840634,-0.9770139200080258,-0.30608152759295737,0.9095029478955516
1.1705601925724003,0.14830989143585555,-0.30608152759295737,-0.9604130977777536
-0.3877320704681136,-1.1736724501632672,-0.30608152759295737,-0.9604130977777536
-0.8521642743546981,-0.6055478074925698,-0.30608152759295737,0.9095029478955516
-0.06721274028585887,-0.33241096005473453,-0.30608152759295737,-0.9604130977777536
0.08586655849517984,-0.63832422918511,-0.30608152759295737,-0.9604130977777536
-0.28079044457317637,-0.07019958651441267,-0.30608152759295737,-0.9604130977777536
2.3163633271610133,2.4645103577086984,-0.30608152759295737,-0.9604130977777536
-0.7391116984086216,-1.1299705545732135,-0.30608152759295737,-0.9604130977777536
-0.6780021978972289,-0.7038770725701905,-0.30608152759295737,-0.9604130977777536
-0.47175763367127854,-0.878684654930405,-0.30608152759295737,-0.02545507494110098
-0.25634664436861926,0.017204204665694608,-0.30608152759295737,-0.9604130977777536
2.04900926242367,2.66116888786394,3.6181146610752415,-0.9604130977777536
-0.4946736963630508,0.7382854819015797,-0.30608152759295737,0.9095029478955516
-1.044659200965585,-1.1736724501632672,-0.30608152759295737,-0.9604130977777536
-0.47939632123520265,-0.6929515986726771,-0.30608152759295737,-0.9604130977777536
-0.44372365031167715,-0.4307402251323552,-0.30608152759295737,0.9095029478955516
-0.2746794945220371,-0.9988648678030526,-0.30608152759295737,-0.02545507494110098
-0.3541218451868476,0.7382854819015797,-0.30608152759295737,0.9095029478955516
0.7641820141716388,-0.6055478074925698,-0.30608152759295737,0.9095029478955516
-0.693279573025077,-0.7912808637502978,-0.30608152759295737,-0.9604130977777536
2.2399764515217724,0.7929128513891468,4.926180057297974,-0.9604130977777536
-0.6596693477438111,-0.2668581166696541,-0.30608152759295737,-0.9604130977777536
-0.8353591617140651,-1.457734771498616,-0.30608152759295737,-0.9604130977777536
-0.3113451948288727,-0.9005356027254319,-0.30608152759295737,0.9095029478955516
-0.7391116984086216,-0.004646743129332213,-0.30608152759295737,-0.9604130977777536
-0.051629817655453734,-0.63832422918511,-0.30608152759295737,0.9095029478955516
1.332500368927591,0.5416269517463383,2.310049264852508,-0.02545507494110098
1.7816551976863273,0.825689273081687,-0.30608152759295737,0.9095029478955516
0.4830783118192324,-0.4853675946199223,-0.30608152759295737,-0.02545507494110098
-0.693279573025077,-1.457734771498616,-0.30608152759295737,-0.9604130977777536
-0.7116124231784949,-1.127785459793711,-0.30608152759295737,-0.02545507494110098
-0.9837024742054709,-0.5181440163124625,-0.30608152759295737,-0.9604130977777536
-0.7727219236898876,-0.03742316482187245,-0.30608152759295737,0.9095029478955516
-1.0141044507098889,0.060906100255748254,-0.30608152759295737,-0.9604130977777536
-0.861330699431407,-0.14667790379700654,-0.30608152759295737,0.9095029478955516
0.48002283679366275,0.5744033734388786,-0.30608152759295737,0.9095029478955516
3.8441008399458307,2.5519141488888057,-0.30608152759295737,-0.9604130977777536
-0.7392644721599001,-1.326629084728455,-0.30608152759295737,-0.9604130977777536
0.6356992893464356,0.7055090602090395,2.310049264852508,0.9095029478955516
1.7052683220470863,0.2903410521035299,1.0019838686297755,0.9095029478955516
0.04003443311163531,1.011422329339415,-0.30608152759295737,-0.9604130977777536
-0.4824517962607723,-0.46351664682489546,-0.30608152759295737,0.9095029478955516
-0.1281694670459731,1.1753044378021162,-0.30608152759295737,0.9095029478955516
-0.34189994508456906,-1.009790341700566,-0.30608152759295737,-0.9604130977777536
-0.5863379471301399,0.1046079958458019,-0.30608152759295737,0.9095029478955516
0.2386403097736616,0.3886703171811506,-0.30608152759295737,0.9095029478955516
0.6816841884812587,0.47607410836125785,-0.30608152759295737,-0.9604130977777536
-0.8918854496871034,0.4105212649761774,-0.30608152759295737,-0.9604130977777536
-0.5068955964653293,-1.064417711188133,-0.30608152759295737,-0.9604130977777536
-0.2044035689339355,-0.5181440163124625,-0.30608152759295737,-0.9604130977777536
-1.2868055967419787,-1.0753431850856465,-0.30608152759295737,-0.9604130977777536
3.507998587133171,1.3938139157523843,2.310049264852508,-0.9604130977777536
-0.6474474476415326,-1.0316412894955929,-0.30608152759295737,-0.9604130977777536
0.23711257226087679,-0.46351664682489546,-0.30608152759295737,0.9095029478955516
-0.6016153222579881,-0.9660884461105124,-0.30608152759295737,-0.9604130977777536
0.17141985921112962,0.8366147469792005,-0.30608152759295737,0.9095029478955516
-0.6321700725136844,-1.1627469762657539,-0.30608152759295737,-0.9604130977777536
-0.5175897590548231,-0.583696859697543,-0.30608152759295737,0.9095029478955516
-0.7391116984086216,0.8038383252866602,-0.30608152759295737,0.9095029478955516
-1.062992051119003,-1.4249583498060756,-0.30608152759295737,-0.9604130977777536
-0.10510063060292235,-0.11390148210446632,-0.30608152759295737,-0.9604130977777536
-0.6627248227693807,-0.2777835905671675,-0.30608152759295737,-0.9604130977777536
-0.6477529951440896,0.04998062635823484,-0.30608152759295737,0.9095029478955516
-0.6505029226671022,-0.5727713858000296,-0.30608152759295737,-0.9604130977777536
-0.1463495434481124,-0.03742316482187245,-0.30608152759295737,-0.02545507494110098
-1.0263263508121674,-0.46351664682489546,-0.30608152759295737,-0.9604130977777536
-0.3632882702635565,-0.20130527328457362,-0.30608152759295737,-0.9604130977777536
-0.8643861744569766,-0.878684654930405,-0.30608152759295737,-0.9604130977777536
1.0329110426704882,1.5030686547275185,4.926180057297974,-0.9604130977777536
-0.5997820372426462,0.7382854819015797,-0.30608152759295737,1.8444609707322042
-0.4488415709795063,-1.140896028470727,-0.30608152759295737,-0.02545507494110098
0.2539176849015098,1.5576960242150855,-0.30608152759295737,0.9095029478955516
-0.31440066985444237,-0.12482695600197974,-0.30608152759295737,0.9095029478955516
-0.4946736963630508,-0.4744421207224089,-0.30608152759295737,0.9095029478955516
-0.3113451948288727,-0.9333120244179721,-0.30608152759295737,2.7794189935688567
-0.3877320704681136,-0.16852885159203337,-0.30608152759295737,0.9095029478955516
0.971954315910374,1.1316025422120626,-0.30608152759295737,0.9095029478955516
-0.12801669329469462,-0.9988648678030526,-0.30608152759295737,2.7794189935688567
1.256134881613529,1.087900646622009,-0.30608152759295737,0.9095029478955516
-0.08218456791115009,0.5962543212339054,-0.30608152759295737,0.9095029478955516
0.7030725136602461,-0.529069490209976,-0.30608152759295737,2.7794189935688567
-0.6474627250166604,0.1952894291951632,-0.30608152759295737,0.9095029478955516
-0.4050993905134514,-0.35426190784976136,-0.30608152759295737,0.9095029478955516
-0.15857144355039096,2.5519141488888057,2.310049264852508,2.7794189935688567
-0.7238343232807735,-0.583696859697543,-0.30608152759295737,0.9095029478955516
0.7427936889926514,1.0332732771344417,-0.30608152759295737,0.9095029478955516
-0.9224401999427997,-0.8677591810328916,-0.30608152759295737,-0.9604130977777536
-0.6627248227693807,-1.2392252935483477,-0.30608152759295737,-0.9604130977777536
-0.018630687379301677,-0.24500716887462726,-0.30608152759295737,0.9095029478955516
0.5441878123306251,-0.11390148210446632,3.6181146610752415,2.7794189935688567
-0.5130065465164686,-0.13575242989949315,-0.30608152759295737,-0.9604130977777536
-1.0762833674802308,-1.1190450806757002,-0.30608152759295737,-0.9604130977777536
-0.36985754156853123,-1.2720017152408878,-0.30608152759295737,-0.9604130977777536
0.8344579397597404,1.4899580860505024,-0.30608152759295737,0.9095029478955516
1.5983266961521492,-0.2559326427721407,-0.30608152759295737,0.9095029478955516
-1.0477146759911546,-0.10297600820695291,-0.30608152759295737,0.9095029478955516
-1.0599365760934334,-0.8131318115453247,-0.30608152759295737,-0.9604130977777536
2.945791182428358,1.6778762370877331,-0.30608152759295737,1.8444609707322042
-0.7745552087052294,-0.2777835905671675,-0.30608152759295737,0.9095029478955516
-0.3052342447777334,-0.048348638719385856,-0.30608152759295737,-0.9604130977777536
0.23686813425883121,0.35589389548861033,-0.30608152759295737,0.9095029478955516
0.2844724351572061,0.6836581124140126,-0.30608152759295737,-0.9604130977777536
-1.0141044507098889,-0.9660884461105124,-0.30608152759295737,-0.9604130977777536
-0.08982325547507418,-0.24500716887462726,-0.30608152759295737,0.9095029478955516
0.07670013341847093,0.454223160566231,-0.30608152759295737,0.9095029478955516
-0.051629817655453734,-0.026497690924359035,-0.30608152759295737,0.9095029478955516
-0.2044035689339355,-0.3651873817472748,2.310049264852508,-0.9604130977777536
-0.8918854496871034,-1.0425667633931062,-0.30608152759295737,-0.9604130977777536
-0.9835497004541924,-1.1627469762657539,2.310049264852508,-0.9604130977777536
-0.952994950198496,-0.212230747182087,-0.30608152759295737,-0.02545507494110098
-0.4778685837224178,-0.63832422918511,-0.30608152759295737,-0.9604130977777536
1.0788959418053112,0.8213190835226817,2.310049264852508,-0.9604130977777536
-0.530575527913494,0.02812967856320802,-0.30608152759295737,0.9095029478955516
-0.8921909971896603,-1.0753431850856465,-0.30608152759295737,-0.9604130977777536
-0.5863379471301399,-1.250150767445861,-0.30608152759295737,-0.9604130977777536
-1.121046076604826,-0.9770139200080258,-0.30608152759295737,-0.9604130977777536
-0.8307759491757106,-0.8022063376478112,-0.30608152759295737,-0.9604130977777536
-0.14329406842254278,0.2794155782060165,3.6181146610752415,0.9095029478955516
3.171896334320511,1.7106526587802733,-0.30608152759295737,0.9095029478955516
0.0018409952920148773,0.9677204337493613,-0.30608152759295737,-0.02545507494110098
-0.6474474476415326,-0.955162972212999,-0.30608152759295737,-0.9604130977777536
1.408887244566832,0.18108631312839576,-0.30608152759295737,0.9095029478955516
-0.7397227934137356,-1.457734771498616,-0.30608152759295737,-0.9604130977777536
-0.7394172459111785,0.6508816907214724,-0.30608152759295737,0.9095029478955516
0.4555790365891057,0.46514863446374444,-0.30608152759295737,-0.9604130977777536
-1.0599365760934334,-1.140896028470727,-0.30608152759295737,-0.9604130977777536
-0.41828682072380996,0.37774484328363717,1.0019838686297755,-0.9604130977777536
-0.5557831968744436,-1.3921819281135355,2.310049264852508,-0.9604130977777536
-0.8712609932645083,-0.14667790379700654,-0.30608152759295737,-0.9604130977777536
-0.6398087600776085,-0.35426190784976136,-0.30608152759295737,0.9095029478955516
1.323333943850882,2.978007630891829,-0.30608152759295737,0.9095029478955516
-0.9896606505053317,-1.2064488718558075,-0.30608152759295737,-0.9604130977777536
-0.3449554201101387,0.3231174737960701,-0.30608152759295737,0.9095029478955516
0.1439205839810029,0.8584656947742273,2.310049264852508,0.9095029478955516
-0.8766080745592552,-1.1627469762657539,-0.30608152759295737,-0.9604130977777536
0.3875947172701813,0.23571368261596282,2.310049264852508,-0.9604130977777536
-0.6031430597707729,-0.35426190784976136,-0.30608152759295737,-0.9604130977777536
-0.2746794945220371,-0.5072185424149491,-0.30608152759295737,-0.9604130977777536
-0.00579769227190921,-0.9005356027254319,-0.30608152759295737,-0.9604130977777536
-0.9041073497893819,-0.3761128556447882,-0.30608152759295737,-0.9604130977777536
-0.021075067399757386,-1.195523397958294,-0.30608152759295737,-0.9604130977777536
1.3080565687230339,0.7273600080040663,3.6181146610752415,-0.9604130977777536
-0.34189994508456906,-1.064417711188133,-0.30608152759295737,-0.9604130977777536
-0.06690719278330191,1.2736337028797369,-0.30608152759295737,0.9095029478955516
0.519744012126068,1.3938139157523843,-0.30608152759295737,0.9095029478955516
-0.28079044457317637,-1.009790341700566,-0.30608152759295737,-0.9604130977777536
-0.9835497004541924,0.03905515246072143,-0.30608152759295737,0.9095029478955516
-0.051629817655453734,-0.7366534942627307,1.0019838686297755,-0.9604130977777536
2.071925325115443,1.21900633339217,-0.30608152759295737,0.9095029478955516
-0.00579769227190921,-0.7148025464677039,-0.30608152759295737,0.9095029478955516
0.17753080926226888,0.25756463041098965,-0.30608152759295737,0.9095029478955516
0.17753080926226888,0.11553346974331531,-0.30608152759295737,0.9095029478955516
0.2539176849015098,0.5525524256438518,-0.30608152759295737,0.9095029478955516
-1.1974329522440668,-1.2173743457533208,-0.30608152759295737,-0.9604130977777536
-0.46412200158238004,-0.7421162312114874,-0.30608152759295737,0.9095029478955516
-0.7849438237921661,0.2794155782060165,-0.30608152759295737,-0.02545507494110098
0.6175192129442963,0.77106190359412,-0.30608152759295737,0.9095029478955516
0.4830783118192324,0.9677204337493613,-0.30608152759295737,0.9095029478955516
-0.6810912831480798,-0.13575242989949315,-0.30608152759295737,-0.9604130977777536
0.04308990813720495,-0.11390148210446632,-0.30608152759295737,0.9095029478955516
-0.8154985740478625,-0.10297600820695291,-0.30608152759295737,0.9095029478955516
-0.34189994508456906,0.46514863446374444,-0.30608152759295737,0.9095029478955516
-0.7391116984086216,-1.2610762413433745,-0.30608152759295737,-0.9604130977777536
-0.44441113219243034,-0.63832422918511,-0.30608152759295737,-0.9604130977777536
-0.9682723253263442,-0.7956510533093032,-0.30608152759295737,-0.9604130977777536
0.4830783118192324,0.7164345341065529,-0.30608152759295737,0.9095029478955516
-0.861330699431407,0.1046079958458019,-0.30608152759295737,-0.9604130977777536
0.3455819356685988,0.24663915651347623,3.6181146610752415,0.9095029478955516
1.9649836992205054,0.6945835863115261,-0.30608152759295737,0.9095029478955516
3.080232083553422,2.5519141488888057,-0.30608152759295737,0.9095029478955516
-0.39139864049879713,-0.7475789681602442,-0.30608152759295737,-0.9604130977777536
1.246947068211641,3.502430377972473,2.310049264852508,0.9095029478955516
-0.6322006272639401,0.1046079958458019,-0.30608152759295737,0.9095029478955516
1.491385070257212,1.918236662833028,3.6181146610752415,0.9095029478955516
1.7969325728141754,1.8417583455504343,1.0019838686297755,-0.9604130977777536
0.04308990813720495,-0.1794543254895468,-0.30608152759295737,0.9095029478955516
-0.5557831968744436,-0.6492497030826234,-0.30608152759295737,2.7794189935688567
-0.1891261938060873,1.2299318072896832,-0.30608152759295737,0.9095029478955516
-0.6657802977949504,-0.40888927733732844,-0.30608152759295737,0.9095029478955516
1.5524945707686046,1.437515811342438,-0.30608152759295737,0.9095029478955516
-0.8154985740478625,-1.0425667633931062,-0.30608152759295737,-0.9604130977777536
-1.1057687014769777,-1.3703309803185086,-0.30608152759295737,-0.9604130977777536
0.6327965880721445,0.880316642569254,-0.30608152759295737,0.9095029478955516
3.233005834831904,1.1316025422120626,2.310049264852508,-0.9604130977777536
-0.5145342840292534,-1.4468092976011024,-0.30608152759295737,-0.9604130977777536
0.6969615636091069,0.24663915651347623,-0.30608152759295737,0.9095029478955516
-0.5680050969767221,-1.1627469762657539,-0.30608152759295737,-0.9604130977777536
0.2539176849015098,-0.07019958651441267,-0.30608152759295737,-0.9604130977777536
-0.14512735343788458,-0.6164732813900832,-0.30608152759295737,-0.9604130977777536
0.13169868387872435,0.9567949598518479,3.6181146610752415,-0.9604130977777536
1.1745323101056409,-0.5072185424149491,-0.30608152759295737,0.9095029478955516
0.17753080926226888,-0.5181440163124625,-0.30608152759295737,-0.9604130977777536
-0.34189994508456906,1.197155385597143,-0.30608152759295737,0.9095029478955516
-0.7177233732296342,0.213862734820936,-0.30608152759295737,-0.9604130977777536
0.19189154188244617,0.6836581124140126,3.6181146610752415,-0.9604130977777536
-0.9838552479567494,-1.326629084728455,-0.30608152759295737,-0.9604130977777536
-0.8307759491757106,-1.4031074020110488,-0.30608152759295737,0.9095029478955516
-0.3357889950334298,-0.7148025464677039,-0.30608152759295737,0.9095029478955516
-0.7391116984086216,-0.0920505343094395,-0.30608152759295737,-0.9604130977777536
-0.5527277218488739,-1.1190450806757002,4.926180057297974,-0.02545507494110098
-0.8920382234383818,-1.2938526630359146,-0.30608152759295737,-0.9604130977777536
-0.6780021978972289,-1.1081196067781867,-0.30608152759295737,-0.9604130977777536
-0.7238343232807735,0.08275704805077508,-0.30608152759295737,-0.02545507494110098
-0.11885026821798571,0.8038383252866602,4.926180057297974,-0.9604130977777536
-0.9354259688014707,-1.512362140986183,-0.30608152759295737,-0.9604130977777536
0.35169288571973806,0.6727326385164992,2.310049264852508,-0.9604130977777536
-0.47939632123520265,-0.955162972212999,-0.30608152759295737,-0.9604130977777536
-0.4642717198586329,1.1097515944170357,-0.30608152759295737,0.9095029478955516
-1.1974329522440668,-1.4249583498060756,-0.30608152759295737,-0.9604130977777536
-0.8781358120720401,0.48699958225877127,-0.30608152759295737,0.9095029478955516
0.04003443311163531,0.24663915651347623,-0.30608152759295737,-0.9604130977777536
1.6288814464078456,1.6123233937026527,4.926180057297974,-0.9604130977777536
-0.9071628248149516,-0.5946223335950565,-0.30608152759295737,-0.9604130977777536
-0.6781549716485074,-1.1518215023682403,2.310049264852508,-0.9604130977777536
-0.6260591224625451,-1.1518215023682403,-0.30608152759295737,-0.9604130977777536
-0.1524604934992517,-0.529069490209976,-0.30608152759295737,0.9095029478955516
1.919151573836961,0.8366147469792005,3.6181146610752415,0.9095029478955516
-0.5906767216664487,-0.9879393939055392,-0.30608152759295737,-0.9604130977777536
-1.1057687014769777,-0.7912808637502978,-0.30608152759295737,-0.9604130977777536
-0.4335641958516581,-1.1845979240607807,-0.30608152759295737,-0.9604130977777536
-0.7543890735364698,-1.250150767445861,-0.30608152759295737,-0.9604130977777536
1.1247280671888558,1.3282610723673038,-0.30608152759295737,-0.02545507494110098
1.858042073325568,4.278139024695925,-0.30608152759295737,0.9095029478955516
-0.3373167325462146,-0.24500716887462726,-0.30608152759295737,0.9095029478955516
-1.1057687014769777,-0.4198147512348418,-0.30608152759295737,-0.9604130977777536
0.4128023862311308,-0.13575242989949315,-0.30608152759295737,-0.9604130977777536
1.951234061605442,-0.5618459119025162,-0.30608152759295737,-0.9604130977777536
0.28661126767510486,1.21900633339217,-0.30608152759295737,-0.9604130977777536
-0.18301524375494804,0.11553346974331531,-0.30608152759295737,-0.9604130977777536
-1.1424344017838135,-1.0534922372906197,-0.30608152759295737,0.9095029478955516
0.803903189504044,0.3121919998985567,-0.30608152759295737,-0.9604130977777536
-0.4396751459027974,-1.676244249448884,-0.30608152759295737,-0.02545507494110098
0.37613668592429517,0.5197760039513115,-0.30608152759295737,0.9095029478955516
0.15461474657049662,0.04998062635823484,-0.30608152759295737,-0.9604130977777536
1.2163923179559448,-0.048348638719385856,-0.30608152759295737,-0.02545507494110098
0.3455819356685988,0.8038383252866602,-0.30608152759295737,0.9095029478955516
0.24627899733758568,0.9349440120568211,-0.30608152759295737,0.9095029478955516
-0.4946736963630508,-0.9770139200080258,-0.30608152759295737,0.9095029478955516
0.32529358149881643,0.14830989143585555,1.0019838686297755,-0.9604130977777536
-0.3357889950334298,0.08275704805077508,-0.30608152759295737,-0.9604130977777536
1.5524945707686046,0.9895713815443882,-0.30608152759295737,-0.02545507494110098
-0.5764076532970386,-1.1627469762657539,-0.30608152759295737,0.9095029478955516
1.399720819490123,2.333404670938538,-0.30608152759295737,0.9095029478955516
-0.6780021978972289,-1.230484914430337,-0.30608152759295737,0.9095029478955516
-0.5866434946326968,-0.0789399656324234,-0.30608152759295737,0.9095029478955516
-0.6474474476415326,1.120677068314549,-0.30608152759295737,0.9095029478955516
-0.409120395647101,-0.1903797993870602,-0.30608152759295737,-0.9604130977777536
-0.6749467228716592,-0.8491858754071189,-0.30608152759295737,2.7794189935688567
1.5555500457941742,1.8963857150380012,-0.30608152759295737,1.8444609707322042
4.913517098895203,3.2074425827396107,-0.30608152759295737,0.9095029478955516
-0.5588386719000131,-0.8349827593403515,-0.30608152759295737,2.7794189935688567
-0.7391116984086216,0.6945835863115261,-0.30608152759295737,0.9095029478955516
-0.4946736963630508,0.3231174737960701,-0.30608152759295737,0.9095029478955516
0.360859310796447,0.35589389548861033,-0.30608152759295737,0.9095029478955516
-0.5710605720022917,-0.9223865505204587,-0.30608152759295737,2.7794189935688567
-0.8643861744569766,-0.6273987552875966,-0.30608152759295737,0.9095029478955516
-0.5771715220534309,-1.7199461450389377,-0.30608152759295737,0.9095029478955516
-0.34189994508456906,-0.6601751769801368,-0.30608152759295737,0.9095029478955516
-0.25023569431748,-0.4962930685174357,-0.30608152759295737,-0.02545507494110098
-1.4113162040339413,-1.8510518318090987,-0.30608152759295737,-0.9604130977777536
0.7336272639159425,0.2794155782060165,-0.30608152759295737,0.9095029478955516
-0.9896606505053317,-1.2720017152408878,-0.30608152759295737,-0.9604130977777536
-0.6627248227693807,-0.22315622107960043,2.310049264852508,-0.9604130977777536
1.33861131897873,1.69972718488276,3.6181146610752415,-0.9604130977777536
1.1002842669842987,0.4432976866687176,-0.30608152759295737,-0.9604130977777536
0.04308990813720495,1.8745347672429744,-0.30608152759295737,0.9095029478955516
0.3699951811229002,-0.9660884461105124,-0.30608152759295737,-0.02545507494110098
-0.9682723253263442,-0.9005356027254319,-0.30608152759295737,-0.02545507494110098
-0.3114979685801512,0.2794155782060165,-0.30608152759295737,0.9095029478955516
-1.121046076604826,-0.9005356027254319,-0.30608152759295737,-0.9604130977777536
-0.7207788482552038,-1.4686602453961293,-0.30608152759295737,-0.9604130977777536
-0.9377175750706479,-0.34333643395224794,-0.30608152759295737,-0.9604130977777536
-0.4350919333644429,0.3231174737960701,-0.30608152759295737,0.9095029478955516
-0.19523714385722657,-0.9223865505204587,-0.30608152759295737,-0.02545507494110098
-0.08218456791115009,-0.4853675946199223,-0.30608152759295737,-0.9604130977777536
0.02475705798378714,0.42144673887369083,-0.30608152759295737,0.9095029478955516
-1.2004884272696366,-0.46351664682489546,-0.30608152759295737,-0.9604130977777536
-0.0485743426298841,-0.4853675946199223,-0.30608152759295737,-0.9604130977777536
-0.04383835634025116,-1.4249583498060756,-0.30608152759295737,-0.9604130977777536
1.5524945707686046,2.4645103577086984,-0.30608152759295737,0.9095029478955516
0.2539176849015098,0.5197760039513115,-0.30608152759295737,-0.9604130977777536
1.246947068211641,1.3938139157523843,-0.30608152759295737,0.9095029478955516
-0.5017287881970911,-0.004646743129332213,-0.30608152759295737,-0.9604130977777536
0.32564496112675695,0.13738441753834213,-0.30608152759295737,-0.9604130977777536
-0.4855072712863419,-0.35426190784976136,-0.30608152759295737,-0.9604130977777536
-0.021075067399757386,0.09368252194828848,-0.30608152759295737,0.9095029478955516
-0.28094321832445485,-0.6164732813900832,-0.30608152759295737,0.9095029478955516
-0.23365974230376474,0.3340429476935835,-0.30608152759295737,-0.9604130977777536
0.40669143617999154,0.47607410836125785,-0.30608152759295737,0.9095029478955516
0.17447533423669925,-0.1794543254895468,-0.30608152759295737,-0.02545507494110098
-0.38467659544254396,-1.1081196067781867,-0.30608152759295737,-0.9604130977777536
0.16225343413442073,-1.195523397958294,-0.30608152759295737,-0.9604130977777536
-1.044659200965585,-0.8459082332378649,-0.30608152759295737,-0.9604130977777536
-0.42745324580051886,-0.63832422918511,-0.30608152759295737,0.9095029478955516
-0.33273352000786016,-0.3214854861572211,-0.30608152759295737,-0.9604130977777536
-0.8154985740478625,-0.212230747182087,-0.30608152759295737,0.9095029478955516
-0.40300944559596175,-0.5181440163124625,-0.30608152759295737,-0.02545507494110098
0.039484447607032784,1.5139941286250318,2.310049264852508,-0.9604130977777536
2.3927502028002543,1.3610374940598442,3.6181146610752415,-0.9604130977777536
0.5900199377141696,0.2903410521035299,-0.30608152759295737,0.9095029478955516
0.19891913444125633,-0.9770139200080258,-0.30608152759295737,-0.9604130977777536
0.024451510481230176,0.77106190359412,-0.30608152759295737,0.9095029478955516
-0.8674416494825463,-0.5509204380050028,-0.30608152759295737,-0.9604130977777536
0.36469087647851134,0.18108631312839576,-0.30608152759295737,-0.02545507494110098
1.231669693083793,0.7819873774916334,-0.30608152759295737,-0.9604130977777536
0.7884730406249174,2.289702775348484,-0.30608152759295737,0.9095029478955516
-1.2509037651915356,-1.140896028470727,-0.30608152759295737,-0.9604130977777536
-0.2285418216359356,-0.5509204380050028,-0.30608152759295737,-0.9604130977777536
3.2635605850876,2.475435831606212,3.6181146610752415,0.9095029478955516
0.30280528531062395,-0.5509204380050028,-0.30608152759295737,-0.9604130977777536
-0.5863379471301399,-1.2173743457533208,-0.30608152759295737,-0.9604130977777536
-0.6321700725136844,-0.40888927733732844,-0.30608152759295737,-0.9604130977777536
1.0941733169331593,2.136746140783296,3.6181146610752415,-0.02545507494110098
-0.3113451948288727,0.47607410836125785,-0.30608152759295737,-0.9604130977777536
-0.2361805091998597,-1.0971941328806734,-0.30608152759295737,-0.02545507494110098
2.01081582460405,2.8578274180191814,-0.30608152759295737,0.9095029478955516
-0.7391116984086216,-0.8568337071353782,2.310049264852508,-0.9604130977777536
0.39294179856492817,-0.583696859697543,-0.30608152759295737,-0.9604130977777536
0.03086800803492641,-0.7585044420577576,-0.30608152759295737,-0.9604130977777536
-0.9102182998405212,-0.7366534942627307,-0.30608152759295737,-0.9604130977777536
0.753793399084702,1.5030686547275185,-0.30608152759295737,0.9095029478955516
-0.2960678197010245,-0.5399949641074894,-0.30608152759295737,-0.9604130977777536
-0.03635244252760556,-0.3389662443932426,-0.30608152759295737,-0.9604130977777536
-1.3807614537782449,-1.6871697233463976,-0.30608152759295737,-0.9604130977777536
0.13169868387872435,-0.4962930685174357,-0.30608152759295737,-0.02545507494110098
-0.13412764334583388,-1.0753431850856465,-0.30608152759295737,-0.9604130977777536
-0.49772917138862044,-1.4468092976011024,2.310049264852508,-0.9604130977777536
-0.24412474426634073,-0.9005356027254319,-0.30608152759295737,-0.9604130977777536
-0.47022989615849375,0.3449684215910969,-0.30608152759295737,0.9095029478955516
-0.8766080745592552,-0.6929515986726771,-0.30608152759295737,-0.02545507494110098
0.37613668592429517,-0.35426190784976136,-0.30608152759295737,-0.9604130977777536
0.02475705798378714,-0.3214854861572211,-0.30608152759295737,-0.9604130977777536
0.1958636594156867,-0.6820261247751637,-0.30608152759295737,-0.9604130977777536
-0.635225547539254,0.09368252194828848,2.310049264852508,-0.9604130977777536
-0.5557831968744436,-0.9333120244179721,-0.30608152759295737,2.7794189935688567
-0.9377175750706479,-1.0753431850856465,-0.30608152759295737,-0.02545507494110098
0.1164213087508762,-0.5509204380050028,4.926180057297974,2.7794189935688567
-0.5710605720022917,-0.9879393939055392,-0.30608152759295737,2.7794189935688567
-0.509951071490899,-1.5014366670886694,-0.30608152759295737,0.9095029478955516
-0.5191174965676079,-0.1794543254895468,-0.30608152759295737,-0.9604130977777536
-0.19218166883165694,-0.8240572854428381,-0.30608152759295737,-0.02545507494110098
4.455195845059758,2.6830198356589667,4.926180057297974,2.7794189935688567
3.4774438368774745,3.7799374149693135,-0.30608152759295737,0.9095029478955516
-0.12496121826912497,-1.2173743457533208,-0.30608152759295737,-0.9604130977777536
-0.9071628248149516,-0.9442374983154855,-0.30608152759295737,-0.9604130977777536
-0.1380997608790744,-0.4198147512348418,-0.30608152759295737,0.9095029478955516
-0.5955043722068488,0.5962543212339054,-0.30608152759295737,0.9095029478955516
-1.0477146759911546,-1.5342130887812098,-0.30608152759295737,-0.9604130977777536
-0.3098174573160879,0.36681936938612375,-0.30608152759295737,0.9095029478955516
0.8497353148875886,1.6888017109852465,-0.30608152759295737,0.9095029478955516
-0.6627248227693807,0.5525524256438518,3.6181146610752415,-0.02545507494110098
-1.0599365760934334,-0.6055478074925698,-0.30608152759295737,-0.9604130977777536
0.40669143617999154,0.9349440120568211,-0.30608152759295737,-0.9604130977777536
-0.7543890735364698,-0.6164732813900832,-0.30608152759295737,0.9095029478955516
-0.5701439294946208,-0.5509204380050028,-0.30608152759295737,-0.9604130977777536
-0.8124430990222928,-1.0753431850856465,-0.30608152759295737,-0.9604130977777536
-0.25023569431748,0.6618071646189858,-0.30608152759295737,-0.9604130977777536
1.0330638164217667,0.006278730768181197,-0.30608152759295737,-0.9604130977777536
-0.5252284466187471,-0.3761128556447882,-0.30608152759295737,0.9095029478955516
-0.5985598472324184,-0.026497690924359035,-0.30608152759295737,0.9095029478955516
-1.12868476416875,-1.0753431850856465,-0.30608152759295737,-0.9604130977777536
-0.4948264701143293,-0.4744421207224089,-0.30608152759295737,-0.9604130977777536
-0.22579189411292294,-1.0534922372906197,-0.30608152759295737,-0.9604130977777536
-0.19829261888279623,-0.44166569902986863,-0.30608152759295737,0.9095029478955516
-0.039407917553175194,-0.9988648678030526,-0.30608152759295737,-0.02545507494110098
-0.702445998101786,-0.9497002352642423,-0.30608152759295737,2.7794189935688567
-0.6593638002412542,-1.3594055064209951,-0.30608152759295737,-0.9604130977777536
-0.5557831968744436,-1.1736724501632672,-0.30608152759295737,-0.02545507494110098
-0.317456144880012,-0.5181440163124625,-0.30608152759295737,-0.9604130977777536
-0.5557831968744436,-0.6055478074925698,-0.30608152759295737,-0.9604130977777536
1.5524945707686046,0.8693911686717406,3.6181146610752415,-0.9604130977777536
0.44641261151239675,0.9567949598518479,3.6181146610752415,-0.02545507494110098
0.13169868387872435,-0.2996345383621943,-0.30608152759295737,-0.9604130977777536
-0.8460533243035588,-0.7475789681602442,-0.30608152759295737,-0.9604130977777536
-0.509951071490899,-0.7475789681602442,-0.30608152759295737,-0.9604130977777536
-0.6581416102310262,-0.34333643395224794,-0.30608152759295737,0.9095029478955516
-1.1668782019883706,-1.0316412894955929,-0.30608152759295737,-0.9604130977777536
3.141341584064815,1.0332732771344417,-0.30608152759295737,0.9095029478955516
0.5900199377141696,1.382888441854871,-0.30608152759295737,0.9095029478955516
-0.4335641958516581,-0.7148025464677039,-0.30608152759295737,-0.9604130977777536
0.7886258143761959,0.6071797951314188,-0.30608152759295737,-0.9604130977777536
1.2465804112085728,0.18108631312839576,-0.30608152759295737,0.9095029478955516
-0.41828682072380996,-0.15760337769451996,-0.30608152759295737,-0.9604130977777536
-0.43661967087722775,0.8147637991841736,-0.30608152759295737,0.9095029478955516
0.574745618061347,-0.3105600122597077,-0.30608152759295737,-0.9604130977777536
3.8288234648179826,2.1148951929882696,3.6181146610752415,0.9095029478955516
-0.861330699431407,-0.5399949641074894,-0.30608152759295737,-0.9604130977777536
0.641199144392461,-0.2668581166696541,-0.30608152759295737,-0.02545507494110098
-0.6627248227693807,-0.3761128556447882,-0.30608152759295737,-0.9604130977777536
-0.6017680960092665,0.2247882087184494,-0.30608152759295737,-0.9604130977777536
-0.2578743818814041,-0.3105600122597077,-0.30608152759295737,-0.9604130977777536
-0.4671744211329241,0.2247882087184494,-0.30608152759295737,-0.9604130977777536
-0.08218456791115009,1.1753044378021162,-0.30608152759295737,0.9095029478955516
0.5808535126374607,0.2247882087184494,4.926180057297974,0.9095029478955516
-0.3877320704681136,-0.1903797993870602,-0.30608152759295737,-0.9604130977777536
3.401056961238234,1.0441987510319553,3.6181146610752415,0.9095029478955516
-0.021075067399757386,-1.1845979240607807,-0.30608152759295737,-0.9604130977777536
-0.00579769227190921,-0.1794543254895468,-0.30608152759295737,0.9095029478955516
-0.051629817655453734,0.6836581124140126,-0.30608152759295737,-0.02545507494110098
0.08586655849517984,-0.212230747182087,-0.30608152759295737,-0.9604130977777536
0.08571378474390136,2.978007630891829,-0.30608152759295737,0.9095029478955516
-0.7904436788381914,-0.15541828291501728,-0.30608152759295737,0.9095029478955516
1.7052683220470863,0.5634778995413652,-0.30608152759295737,-0.02545507494110098
0.8802900651432849,-0.2996345383621943,-0.30608152759295737,-0.9604130977777536
-0.14329406842254278,-0.20130527328457362,-0.30608152759295737,-0.9604130977777536
-0.7634027248619002,0.7819873774916334,-0.30608152759295737,-0.9604130977777536
-0.3877320704681136,-0.24500716887462726,-0.30608152759295737,-0.9604130977777536
-0.7518469183151959,-0.7803553898527844,-0.30608152759295737,-0.9604130977777536
-0.28079044457317637,0.43237221277120425,-0.30608152759295737,0.9095029478955516
2.5638568042321537,1.1316025422120626,-0.30608152759295737,1.8444609707322042
0.9627878908336651,1.7434290804728134,-0.30608152759295737,0.9095029478955516
-0.1281694670459731,-0.33241096005473453,-0.30608152759295737,0.9095029478955516
-0.23495831918963184,-0.6164732813900832,-0.30608152759295737,-0.9604130977777536
-0.6505029226671022,-0.5727713858000296,-0.30608152759295737,-0.9604130977777536
-0.2044035689339355,-0.9770139200080258,-0.30608152759295737,-0.9604130977777536
-0.8766080745592552,-1.2720017152408878,-0.30608152759295737,-0.9604130977777536
-0.3266225699567209,-0.9333120244179721,2.310049264852508,-0.02545507494110098
0.43724618643568786,0.7492109557990931,-0.30608152759295737,0.9095029478955516
0.5289104372027769,0.03905515246072143,-0.30608152759295737,-0.9604130977777536
0.7275163138648032,0.43237221277120425,-0.30608152759295737,-0.02545507494110098
-0.6016153222579881,-1.0316412894955929,-0.30608152759295737,0.9095029478955516
-0.5710605720022917,-0.34333643395224794,-0.30608152759295737,0.9095029478955516
-0.794110248868875,-0.4853675946199223,-0.30608152759295737,-0.9604130977777536
-0.9102182998405212,-1.326629084728455,-0.30608152759295737,-0.9604130977777536
1.3004178811591098,1.2299318072896832,2.310049264852508,0.9095029478955516
-0.509951071490899,-0.13575242989949315,-0.30608152759295737,-0.9604130977777536
3.233005834831904,1.8199073977554074,4.926180057297974,0.9095029478955516
-0.04399113009152965,0.2029372609234226,-0.30608152759295737,-0.9604130977777536
1.381387969336705,0.42144673887369083,2.310049264852508,-0.02545507494110098
-0.6993905230762164,-0.878684654930405,-0.30608152759295737,-0.9604130977777536
0.13780963392986365,0.26849010430850306,-0.30608152759295737,0.9095029478955516
-0.726889798306343,-1.3375545586259683,-0.30608152759295737,-0.9604130977777536
0.40669143617999154,0.454223160566231,1.0019838686297755,0.9095029478955516
-0.7238343232807735,-0.026497690924359035,-0.30608152759295737,-0.9604130977777536
-0.8002211989200143,-1.009790341700566,-0.30608152759295737,-0.9604130977777536
1.2775018184673375,1.7434290804728134,-0.30608152759295737,0.9095029478955516
-0.12801669329469462,-0.397963803439815,-0.30608152759295737,0.9095029478955516
-0.815651347799141,-0.4962930685174357,-0.30608152759295737,-0.9604130977777536
-0.2636797844299864,0.3231174737960701,-0.30608152759295737,0.9095029478955516
1.3080565687230339,1.4812177069324917,-0.30608152759295737,0.9095029478955516
-0.6996960705787734,-0.5399949641074894,-0.30608152759295737,0.9095029478955516
-0.021075067399757386,0.23571368261596282,-0.30608152759295737,0.9095029478955516
-0.35106637016127795,-1.3157036108309415,-0.30608152759295737,-0.9604130977777536
-0.41828682072380996,-1.326629084728455,-0.30608152759295737,-0.9604130977777536
-0.1891261938060873,-1.064417711188133,2.310049264852508,-0.9604130977777536
0.5594651874584733,0.4105212649761774,2.310049264852508,-0.02545507494110098
-0.760500023587609,1.2299318072896832,2.310049264852508,-0.9604130977777536
-0.8368868992268499,-0.212230747182087,-0.30608152759295737,-0.9604130977777536
-0.2044035689339355,1.3938139157523843,-0.30608152759295737,0.9095029478955516
-0.16468239360153022,-0.583696859697543,-0.30608152759295737,2.7794189935688567
0.6664068133534105,1.3173355984697905,-0.30608152759295737,0.9095029478955516
3.5691080876445636,2.6939453095564803,-0.30608152759295737,0.9095029478955516
0.6509766644742838,0.5307014778488249,-0.30608152759295737,0.9095029478955516
-0.8494143468316855,-0.5094036371944518,-0.30608152759295737,0.9095029478955516
-0.25023569431748,-0.5727713858000296,-0.30608152759295737,0.9095029478955516
-0.4337169696029366,-0.9049057922844372,-0.30608152759295737,2.7794189935688567
-0.5252284466187471,-0.9223865505204587,-0.30608152759295737,0.9095029478955516
1.8549865982999985,4.16888428572079,4.926180057297974,0.9095029478955516
-0.27834606455272065,0.42144673887369083,-0.30608152759295737,0.9095029478955516
0.26002863495264905,0.639956216823959,-0.30608152759295737,0.9095029478955516
-0.14329406842254278,-0.40888927733732844,-0.30608152759295737,2.7794189935688567
-0.7085569481529252,-0.7585044420577576,-0.30608152759295737,-0.02545507494110098
0.02475705798378714,-0.5072185424149491,-0.30608152759295737,-0.9604130977777536
-0.9988270755820405,-0.878684654930405,-0.30608152759295737,-0.9604130977777536
0.7855703393506263,0.4979250561562847,-0.30608152759295737,0.9095029478955516
0.26919506002935795,0.6727326385164992,-0.30608152759295737,0.9095029478955516
-0.8399423742524196,0.4050585280274207,-0.30608152759295737,0.9095029478955516
1.0941733169331593,0.19201178702590918,-0.30608152759295737,-0.02545507494110098
-0.5405058217465953,-0.9005356027254319,-0.30608152759295737,-0.9604130977777536
0.007951945343154148,0.11553346974331531,-0.30608152759295737,-0.9604130977777536
0.17447533423669925,-0.11390148210446632,-0.30608152759295737,-0.9604130977777536
0.8344579397597404,-0.13575242989949315,-0.30608152759295737,0.9095029478955516
-0.8796635495848248,-1.1627469762657539,-0.30608152759295737,-0.9604130977777536
0.6052973128420178,-0.048348638719385856,-0.30608152759295737,-0.9604130977777536
-0.9682723253263442,-0.10297600820695291,-0.30608152759295737,-0.9604130977777536
1.1705601925724003,0.6181052690289323,-0.30608152759295737,0.9095029478955516
2.270531201777469,1.21900633339217,-0.30608152759295737,-0.9604130977777536
-0.014964117348618114,-0.6273987552875966,-0.30608152759295737,0.9095029478955516
-0.6321700725136844,-0.7038770725701905,-0.30608152759295737,-0.9604130977777536
0.9108448153989813,1.0004968554419016,-0.30608152759295737,0.9095029478955516
-0.9713278003519139,-0.6164732813900832,-0.30608152759295737,-0.9604130977777536
-0.4488415709795063,0.13738441753834213,-0.30608152759295737,0.9095029478955516
-0.28079044457317637,-1.1190450806757002,-0.30608152759295737,-0.9604130977777536
0.42502428633340933,-0.46351664682489546,-0.30608152759295737,-0.02545507494110098
1.0880623668820202,0.6071797951314188,-0.30608152759295737,-0.9604130977777536
-0.5252284466187471,-1.4468092976011024,-0.30608152759295737,-0.9604130977777536
-0.3449554201101387,-0.8459082332378649,-0.30608152759295737,-0.9604130977777536
-1.1974329522440668,-1.4249583498060756,-0.30608152759295737,-0.02545507494110098
0.04003443311163531,1.1316025422120626,-0.30608152759295737,0.9095029478955516
-0.6596693477438111,-0.44166569902986863,-0.30608152759295737,-0.9604130977777536
-0.9682723253263442,-0.4853675946199223,-0.30608152759295737,0.9095029478955516
-0.9068572773123945,-0.9005356027254319,-0.30608152759295737,-0.9604130977777536
0.37613668592429517,0.07183157415326166,-0.30608152759295737,0.9095029478955516
-0.021075067399757386,-0.44166569902986863,-0.30608152759295737,0.9095029478955516
-0.7238343232807735,-1.0534922372906197,-0.30608152759295737,-0.9604130977777536
1.3966653444645531,1.120677068314549,-0.30608152759295737,-0.9604130977777536
-0.9988270755820405,-0.9988648678030526,-0.30608152759295737,-0.9604130977777536
-0.33426125752064495,-0.15760337769451996,-0.30608152759295737,-0.9604130977777536
0.3455819356685988,0.9458694859543345,-0.30608152759295737,0.9095029478955516
-0.8423867542728752,-0.7585044420577576,-0.30608152759295737,-0.9604130977777536
-0.9083391826997959,-0.07019958651441267,-0.30608152759295737,0.9095029478955516
-0.25023569431748,0.11553346974331531,-0.30608152759295737,0.9095029478955516
-0.5252284466187471,1.0551242249294686,-0.30608152759295737,0.9095029478955516
-0.23495831918963184,2.3224791970410243,3.6181146610752415,-0.9604130977777536
1.934428948964809,-0.16852885159203337,4.926180057297974,-0.9604130977777536
-1.078269426246851,-0.46351664682489546,-0.30608152759295737,-0.9604130977777536
0.8497353148875886,0.42144673887369083,2.310049264852508,0.9095029478955516
1.3019456186718945,1.623248867600166,4.926180057297974,-0.9604130977777536
2.6219108297179767,0.9349440120568211,3.6181146610752415,0.9095029478955516
-0.31516453861083477,-0.5618459119025162,-0.30608152759295737,-0.9604130977777536
2.041370574859746,1.6669507631902196,2.310049264852508,0.9095029478955516
0.17753080926226888,0.42144673887369083,-0.30608152759295737,-0.9604130977777536
0.1439205839810029,-1.1081196067781867,-0.30608152759295737,-0.02545507494110098
0.14697605900657254,-0.5181440163124625,-0.30608152759295737,0.9095029478955516
-0.18943174130864426,-0.15760337769451996,-0.30608152759295737,-0.9604130977777536
-1.0141044507098889,-1.3594055064209951,-0.30608152759295737,0.9095029478955516
0.6205746879698659,-0.6929515986726771,-0.30608152759295737,-0.9604130977777536
0.9123725529117661,0.43237221277120425,-0.30608152759295737,-0.02545507494110098
-0.37245469534026543,-0.33241096005473453,-0.30608152759295737,-0.9604130977777536
0.07058918336733166,2.202298984168377,-0.30608152759295737,-0.9604130977777536
0.9108448153989813,1.4156648635474112,-0.30608152759295737,0.9095029478955516
0.4272120064517172,1.120677068314549,-0.30608152759295737,0.9095029478955516
0.17753080926226888,-0.5946223335950565,-0.30608152759295737,-0.9604130977777536
-0.4946736963630508,-0.5072185424149491,-0.30608152759295737,-0.9604130977777536
-1.1409066642710286,-1.1190450806757002,-0.30608152759295737,-0.9604130977777536
-0.5710605720022917,-0.9333120244179721,-0.30608152759295737,-0.9604130977777536
-0.8093876239967233,-0.7366534942627307,-0.30608152759295737,-0.9604130977777536
-0.9346621000450782,-0.3214854861572211,-0.30608152759295737,-0.9604130977777536
-0.8307759491757106,-0.9005356027254319,-0.30608152759295737,-0.9604130977777536
0.4830783118192324,0.213862734820936,2.310049264852508,-0.02545507494110098
-0.3571773202124172,-0.4853675946199223,-0.30608152759295737,-0.9604130977777536
0.2844724351572061,0.19201178702590918,-0.30608152759295737,-0.02545507494110098
-0.09669807428260585,-0.7912808637502978,-0.30608152759295737,-0.9604130977777536
1.2775018184673375,0.3121919998985567,2.310049264852508,0.9095029478955516
-0.8796635495848248,-0.7038770725701905,-0.30608152759295737,-0.9604130977777536
-0.7421671734341913,-0.8022063376478112,-0.30608152759295737,-0.02545507494110098
-1.121046076604826,-1.4140328759085623,-0.30608152759295737,-0.9604130977777536
-1.1745168895522946,-1.512362140986183,-0.30608152759295737,-0.9604130977777536
0.1164213087508762,-0.20130527328457362,-0.30608152759295737,-0.9604130977777536
-1.2746142513899559,-0.8568337071353782,-0.30608152759295737,-0.9604130977777536
4.3635315942926685,2.530063201093779,3.6181146610752415,0.9095029478955516
-0.7849438237921661,-1.4468092976011024,-0.30608152759295737,-0.9604130977777536
-0.9163292498916604,-0.8896101288279185,-0.30608152759295737,-0.9604130977777536
0.9108448153989813,0.2247882087184494,-0.30608152759295737,0.9095029478955516
-0.2050146639390494,-0.7912808637502978,-0.30608152759295737,2.7794189935688567
-0.15857144355039096,0.25756463041098965,-0.30608152759295737,0.9095029478955516
-0.23495831918963184,-0.3105600122597077,-0.30608152759295737,0.9095029478955516
-0.08218456791115009,0.6071797951314188,-0.30608152759295737,0.9095029478955516
-0.34189994508456906,1.9291621367305416,2.310049264852508,-0.9604130977777536
-0.8814968346001666,-0.7912808637502978,-0.30608152759295737,-0.9604130977777536
-0.5710605720022917,0.3012665260010433,-0.30608152759295737,-0.9604130977777536
0.6052973128420178,0.8693911686717406,-0.30608152759295737,0.9095029478955516
-1.0845331500492688,-0.8022063376478112,-0.30608152759295737,0.9095029478955516
-0.7207788482552038,-0.4853675946199223,-0.30608152759295737,0.9095029478955516
-0.09746194303899826,-0.0920505343094395,-0.30608152759295737,-0.9604130977777536
-0.6016153222579881,-1.140896028470727,-0.30608152759295737,-0.9604130977777536
1.0177864412939186,0.17016083923088235,-0.30608152759295737,-0.9604130977777536
0.4830783118192324,2.5846905705813463,-0.30608152759295737,0.9095029478955516
2.6219108297179767,2.8141255224291277,4.926180057297974,-0.9604130977777536
-0.1281694670459731,0.736100387122077,-0.30608152759295737,0.9095029478955516
0.6022418378164481,0.7492109557990931,-0.30608152759295737,0.9095029478955516
-0.5466167717977346,1.7794831443346077,-0.30608152759295737,0.9095029478955516
0.7336272639159425,1.9510130845255684,-0.30608152759295737,0.9095029478955516
-0.6627248227693807,-1.1736724501632672,-0.30608152759295737,0.9095029478955516
-0.17384881867823915,-0.5727713858000296,-0.30608152759295737,-0.02545507494110098
-0.2746794945220371,0.5088505300537981,-0.30608152759295737,-0.9604130977777536
-0.8462060980548373,-0.44166569902986863,-0.30608152759295737,-0.9604130977777536
-0.2135699940106444,2.497286779401239,2.310049264852508,-0.9604130977777536
-0.8384146367396348,-0.583696859697543,2.310049264852508,-0.9604130977777536
0.07058918336733166,0.3449684215910969,-0.30608152759295737,0.9095029478955516
-0.021075067399757386,-0.8349827593403515,-0.30608152759295737,2.7794189935688567
-0.4671744211329241,-1.326629084728455,-0.30608152759295737,-0.9604130977777536
-0.4335641958516581,-0.8022063376478112,-0.30608152759295737,-0.9604130977777536
-0.8491087993291284,-0.7148025464677039,-0.30608152759295737,-0.9604130977777536
0.452523561563536,0.8693911686717406,-0.30608152759295737,0.9095029478955516
-0.3968984955448225,-0.1903797993870602,-0.30608152759295737,-0.9604130977777536
0.46780093669138423,0.2903410521035299,-0.30608152759295737,0.9095029478955516
-0.9025796122765971,-0.9333120244179721,-0.30608152759295737,-0.9604130977777536
-0.952994950198496,-1.2829271891384013,-0.30608152759295737,-0.9604130977777536
-0.7330007483574823,-1.3375545586259683,2.310049264852508,-0.9604130977777536
0.8497353148875886,0.17016083923088235,2.310049264852508,-0.02545507494110098
-1.212710327371915,-1.2173743457533208,-0.30608152759295737,-0.9604130977777536
-0.3220393574183664,-0.9442374983154855,-0.30608152759295737,-0.9604130977777536
5.840853769155587,2.846901944121668,-0.30608152759295737,-0.02545507494110098
0.3975250111032826,0.5416269517463383,-0.30608152759295737,0.9095029478955516
0.4219688113078397,0.2247882087184494,2.310049264852508,-0.02545507494110098
0.6373798006104989,0.04998062635823484,-0.30608152759295737,-0.02545507494110098
0.02475705798378714,0.35589389548861033,-0.30608152759295737,-0.9604130977777536
-0.8414701117652044,-0.2668581166696541,-0.30608152759295737,-0.9604130977777536
0.23558483474809194,0.19201178702590918,-0.30608152759295737,-0.02545507494110098
-0.41828682072380996,-0.9660884461105124,-0.30608152759295737,-0.9604130977777536
-0.7391116984086216,-1.4249583498060756,-0.30608152759295737,-0.9604130977777536
-0.9499394751729264,-0.6492497030826234,-0.30608152759295737,0.9095029478955516
0.7580710641204995,0.8475402208767139,-0.30608152759295737,-0.9604130977777536
-0.4335641958516581,-0.9660884461105124,-0.30608152759295737,-0.9604130977777536
1.246947068211641,2.202298984168377,-0.30608152759295737,0.9095029478955516
-0.28079044457317637,0.1264589436408287,-0.30608152759295737,-0.9604130977777536
0.16225343413442073,-0.7038770725701905,-0.30608152759295737,-0.9604130977777536
-0.6413364975903932,0.15923536533336896,-0.30608152759295737,-0.9604130977777536
-1.1821555771162187,-0.955162972212999,-0.30608152759295737,-0.9604130977777536
-0.4335641958516581,-0.212230747182087,-0.30608152759295737,-0.9604130977777536
-0.5893934221557094,-0.46351664682489546,-0.30608152759295737,-0.9604130977777536
-0.039407917553175194,-0.583696859697543,-0.30608152759295737,-0.9604130977777536
-0.41828682072380996,-0.2668581166696541,-0.30608152759295737,-0.9604130977777536
0.28508353016232,-0.529069490209976,-0.30608152759295737,-0.9604130977777536
-0.00579769227190921,0.5197760039513115,-0.30608152759295737,-0.9604130977777536
-0.42745324580051886,-1.545138562678723,-0.30608152759295737,0.9095029478955516
-0.6476552199432712,-0.7257280203652173,-0.30608152759295737,-0.9604130977777536
-0.7391116984086216,-0.048348638719385856,-0.30608152759295737,0.9095029478955516
-0.051629817655453734,0.5525524256438518,-0.30608152759295737,0.9095029478955516
0.18516949682619296,0.6945835863115261,-0.30608152759295737,0.9095029478955516
-0.4335641958516581,-0.4962930685174357,-0.30608152759295737,-0.9604130977777536
-0.2960678197010245,-0.14667790379700654,-0.30608152759295737,-0.02545507494110098
-0.051629817655453734,0.5197760039513115,3.6181146610752415,-0.02545507494110098
-0.4488415709795063,-0.878684654930405,-0.30608152759295737,-0.02545507494110098
-0.09746194303899826,0.1264589436408287,-0.30608152759295737,0.9095029478955516
0.553354237407334,-0.1794543254895468,-0.30608152759295737,-0.9604130977777536
-0.11885026821798571,0.5088505300537981,-0.30608152759295737,0.9095029478955516
0.39905274861606743,0.5416269517463383,-0.30608152759295737,0.9095029478955516
0.971954315910374,0.7055090602090395,-0.30608152759295737,0.9095029478955516
-0.2034869264262646,-0.015572217026845624,-0.30608152759295737,-0.9604130977777536
-0.7543890735364698,0.18108631312839576,-0.30608152759295737,0.9095029478955516
2.6982977053572177,3.0981878437644763,-0.30608152759295737,1.8444609707322042
-0.8918854496871034,-1.1081196067781867,-0.30608152759295737,-0.9604130977777536
0.35474836074530774,1.2954846506747637,-0.30608152759295737,0.9095029478955516
-1.4021497789572324,-1.3375545586259683,-0.30608152759295737,-0.9604130977777536
0.43724618643568786,-0.20130527328457362,1.0019838686297755,-0.9604130977777536
-1.0141044507098889,-0.583696859697543,-0.30608152759295737,0.9095029478955516
0.3329933785632519,0.880316642569254,-0.30608152759295737,0.9095029478955516
-0.5863379471301399,-0.0920505343094395,-0.30608152759295737,0.9095029478955516
-0.7238343232807735,-1.2282998196508341,-0.30608152759295737,2.7794189935688567
0.3150271854129025,-0.4307402251323552,2.310049264852508,0.9095029478955516
-0.47939632123520265,-0.9879393939055392,-0.30608152759295737,-0.9604130977777536
0.971954315910374,1.0223478032369284,-0.30608152759295737,0.9095029478955516
-0.4488415709795063,0.8584656947742273,-0.30608152759295737,0.9095029478955516
-0.861330699431407,-1.1736724501632672,-0.30608152759295737,-0.9604130977777536
-1.055536692056613,-0.6164732813900832,-0.30608152759295737,-0.9604130977777536
-0.3571773202124172,-0.4853675946199223,2.310049264852508,-0.9604130977777536
5.6773858552876115,2.202298984168377,1.0019838686297755,-0.9604130977777536
-0.5282839216443168,-0.6273987552875966,-0.30608152759295737,-0.9604130977777536
2.5760787043344324,3.906672912180469,4.926180057297974,-0.9604130977777536
-0.5866434946326968,0.08275704805077508,-0.30608152759295737,0.9095029478955516
0.33030456054075064,-0.4198147512348418,2.310049264852508,0.9095029478955516
-0.7392644721599001,-0.9988648678030526,-0.30608152759295737,-0.9604130977777536
0.2539176849015098,2.311553723143511,3.6181146610752415,0.9095029478955516
-1.0752139512212815,-0.583696859697543,-0.30608152759295737,-0.9604130977777536
0.5289104372027769,1.4156648635474112,3.6181146610752415,-0.9604130977777536
0.3578038357708774,1.1643789639046027,-0.30608152759295737,-0.9604130977777536
-0.15857144355039096,-0.22315622107960043,2.310049264852508,-0.9604130977777536
-0.3877320704681136,-0.8568337071353782,-0.30608152759295737,-0.9604130977777536
0.6358520630977141,-0.46351664682489546,-0.30608152759295737,-0.9604130977777536
0.4830783118192324,0.2029372609234226,-0.30608152759295737,-0.02545507494110098
-0.3571773202124172,-0.6711006508776503,-0.30608152759295737,-0.9604130977777536
0.3058607603361936,0.5962543212339054,-0.30608152759295737,-0.9604130977777536
0.3455819356685988,-0.07019958651441267,-0.30608152759295737,-0.9604130977777536
2.5149692038230396,-0.03742316482187245,-0.30608152759295737,-0.02545507494110098
-0.25634664436861926,1.0551242249294686,-0.30608152759295737,-0.9604130977777536
-0.6474474476415326,-0.9660884461105124,-0.30608152759295737,0.9095029478955516
-0.47954909498648113,-0.2887090644646809,-0.30608152759295737,0.9095029478955516
0.05531180823948349,-0.13575242989949315,-0.30608152759295737,-0.9604130977777536
1.246947068211641,0.4105212649761774,-0.30608152759295737,-0.9604130977777536
-0.23495831918963184,-0.33241096005473453,-0.30608152759295737,-0.9604130977777536
-0.3571773202124172,-0.33241096005473453,-0.30608152759295737,-0.9604130977777536
-0.693279573025077,-1.1627469762657539,-0.30608152759295737,-0.9604130977777536
-0.03635244252760556,-0.1903797993870602,-0.30608152759295737,0.9095029478955516
-0.43661967087722775,-1.2938526630359146,-0.30608152759295737,-0.9604130977777536
-1.1424344017838135,-0.9879393939055392,-0.30608152759295737,-0.02545507494110098
4.109010524662718,2.2460008797584305,-0.30608152759295737,0.9095029478955516
-0.5130065465164686,-1.009790341700566,-0.30608152759295737,-0.9604130977777536
0.6052973128420178,2.0384168757056758,-0.30608152759295737,0.9095029478955516
-0.8002211989200143,-0.2668581166696541,-0.30608152759295737,-0.9604130977777536
-0.6718912478460897,0.17016083923088235,-0.30608152759295737,0.9095029478955516
-0.25054124182003695,0.4979250561562847,-0.30608152759295737,-0.9604130977777536
0.6358520630977141,0.5197760039513115,-0.30608152759295737,-0.9604130977777536
2.1834501635487342,1.120677068314549,-0.30608152759295737,0.9095029478955516
-0.35106637016127795,0.1046079958458019,-0.30608152759295737,-0.9604130977777536
0.7886258143761959,-0.4307402251323552,2.310049264852508,0.9095029478955516
0.5900199377141696,0.7819873774916334,-0.30608152759295737,-0.02545507494110098
0.3058607603361936,0.47607410836125785,-0.30608152759295737,0.9095029478955516
-0.9224401999427997,-0.8677591810328916,-0.30608152759295737,-0.9604130977777536
0.31655492292568727,-0.2559326427721407,-0.30608152759295737,-0.02545507494110098
0.9108448153989813,2.366181092631078,-0.30608152759295737,-0.02545507494110098
-0.2044035689339355,-0.63832422918511,-0.30608152759295737,0.9095029478955516
0.07975560844404057,0.23571368261596282,-0.30608152759295737,-0.9604130977777536
-0.6627248227693807,0.060906100255748254,-0.30608152759295737,-0.9604130977777536
0.8665404275282216,0.7164345341065529,-0.30608152759295737,0.9095029478955516
-0.12975525858424372,0.5416269517463383,-0.30608152759295737,0.9095029478955516
1.1528506593241987,1.787130976062867,-0.30608152759295737,0.9095029478955516
0.009479682855938965,0.6508816907214724,-0.30608152759295737,0.9095029478955516
0.360859310796447,0.6017170581826621,-0.30608152759295737,0.9095029478955516
-0.009195380500342644,-0.048348638719385856,-0.30608152759295737,0.9095029478955516
0.46168998664024496,0.36681936938612375,-0.30608152759295737,0.9095029478955516
-0.7698192224155964,-0.1794543254895468,-0.30608152759295737,0.9095029478955516
0.13780963392986365,0.46514863446374444,-0.30608152759295737,0.9095029478955516
0.22336293464581342,-0.397963803439815,-0.30608152759295737,2.7794189935688567
-0.2532911693430496,-0.5509204380050028,-0.30608152759295737,-0.9604130977777536
-0.9132737748660908,-0.3651873817472748,-0.30608152759295737,-0.9604130977777536
2.9427357074027887,1.4812177069324917,-0.30608152759295737,0.9095029478955516
0.360859310796447,0.7164345341065529,-0.30608152759295737,0.9095029478955516
3.217728459704056,1.6560252892927063,3.6181146610752415,0.9095029478955516
-0.8918854496871034,-1.5014366670886694,-0.30608152759295737,-0.9604130977777536
-0.693279573025077,-1.2720017152408878,-0.30608152759295737,-0.9604130977777536
-0.4213422957493796,-0.10297600820695291,-0.30608152759295737,-0.9604130977777536
0.05500626073692653,0.880316642569254,-0.30608152759295737,-0.9604130977777536
-0.7849438237921661,-0.8131318115453247,-0.30608152759295737,0.9095029478955516
-0.12801669329469462,-0.44166569902986863,2.310049264852508,-0.9604130977777536
-0.4946736963630508,-0.9988648678030526,-0.30608152759295737,-0.9604130977777536
-0.22273641908735328,-1.2829271891384013,-0.30608152759295737,-0.02545507494110098
-0.41828682072380996,-0.45259117292738205,-0.30608152759295737,0.9095029478955516
-0.3116507423314297,-0.7803553898527844,-0.30608152759295737,-0.02545507494110098
-0.051629817655453734,0.8584656947742273,2.310049264852508,0.9095029478955516
0.1164213087508762,0.1046079958458019,-0.30608152759295737,0.9095029478955516
2.1635895758825314,1.1316025422120626,-0.30608152759295737,0.9095029478955516
-0.8154985740478625,-0.8131318115453247,-0.30608152759295737,-0.9604130977777536
0.2661395850037883,-0.397963803439815,-0.30608152759295737,-0.9604130977777536
-0.4488415709795063,-1.5232876148836962,-0.30608152759295737,-0.9604130977777536
1.2927791935951856,0.36681936938612375,-0.30608152759295737,0.9095029478955516
0.8497353148875886,0.03905515246072143,-0.30608152759295737,-0.9604130977777536
0.36391478582201664,-0.14667790379700654,2.310049264852508,-0.02545507494110098
0.7550155890949299,1.7652800282678403,2.310049264852508,0.9095029478955516
0.3868308485137889,0.639956216823959,-0.30608152759295737,0.9095029478955516
-0.5863379471301399,0.6071797951314188,-0.30608152759295737,0.9095029478955516
-0.8918854496871034,-0.2996345383621943,-0.30608152759295737,-0.9604130977777536
0.562505385108915,1.1643789639046027,2.310049264852508,0.9095029478955516
1.399720819490123,0.6618071646189858,-0.30608152759295737,0.9095029478955516
0.4403016614612575,-0.3105600122597077,-0.30608152759295737,0.9095029478955516
0.37613668592429517,0.6508816907214724,-0.30608152759295737,0.9095029478955516
4.348929479145472,2.4535848838111853,1.0019838686297755,0.9095029478955516
0.33947098561745953,0.18108631312839576,-0.30608152759295737,0.9095029478955516
-0.34189994508456906,-1.2392252935483477,-0.30608152759295737,-0.9604130977777536
-0.7238343232807735,-1.0753431850856465,-0.30608152759295737,0.9095029478955516
0.8161250896063226,-0.3105600122597077,-0.30608152759295737,0.9095029478955516
-0.31088687357503725,-1.1081196067781867,-0.30608152759295737,-0.9604130977777536
0.22336293464581342,0.02812967856320802,-0.30608152759295737,0.9095029478955516
1.5066624453850601,0.11553346974331531,-0.30608152759295737,0.9095029478955516
-0.2655130694453282,-1.0425667633931062,-0.30608152759295737,-0.9604130977777536
0.2844724351572061,-0.1794543254895468,-0.30608152759295737,-0.9604130977777536
0.40669143617999154,0.5307014778488249,-0.30608152759295737,0.9095029478955516
-0.6902240979995075,0.006278730768181197,-0.30608152759295737,-0.9604130977777536
1.2622244433394894,0.9786459076468748,-0.30608152759295737,0.9095029478955516
1.3538886941065784,-0.4962930685174357,-0.30608152759295737,0.9095029478955516
-0.23343058167684702,-0.2559326427721407,-0.30608152759295737,-0.9604130977777536
-0.7238343232807735,-1.2829271891384013,-0.30608152759295737,-0.9604130977777536
0.3150271854129025,0.3340429476935835,-0.30608152759295737,-0.9604130977777536
0.5747425625863214,0.25756463041098965,-0.30608152759295737,-0.9604130977777536
-0.5374503467210257,-0.6711006508776503,-0.30608152759295737,-0.9604130977777536
-0.769666448664318,-0.048348638719385856,-0.30608152759295737,0.9095029478955516
-0.21204225649785957,-0.40888927733732844,-0.30608152759295737,-0.9604130977777536
0.02475705798378714,-0.34333643395224794,-0.30608152759295737,-0.02545507494110098
-0.40300944559596175,-0.3651873817472748,-0.30608152759295737,-0.9604130977777536
-0.3113451948288727,0.23571368261596282,-0.30608152759295737,-0.9604130977777536
-0.021075067399757386,-0.4744421207224089,-0.30608152759295737,0.9095029478955516
-0.7391116984086216,-0.059274112616899265,-0.30608152759295737,0.9095029478955516
-0.33426125752064495,0.1264589436408287,-0.30608152759295737,0.9095029478955516
1.0025090661660703,2.5956160444788594,2.310049264852508,0.9095029478955516
-0.1524604934992517,0.7055090602090395,-0.30608152759295737,-0.9604130977777536
-1.0448119747168636,-1.2173743457533208,-0.30608152759295737,-0.9604130977777536
-0.31195628983398666,-1.0971941328806734,-0.30608152759295737,-0.9604130977777536
-0.6780021978972289,0.9786459076468748,-0.30608152759295737,-0.9604130977777536
0.4433571364868271,2.4863613055037255,-0.30608152759295737,0.9095029478955516
-0.6016153222579881,-0.14667790379700654,1.0019838686297755,-0.9604130977777536
-0.815651347799141,-0.7366534942627307,-0.30608152759295737,-0.9604130977777536
-0.8307759491757106,-0.22315622107960043,-0.30608152759295737,0.9095029478955516
-0.6107817473346969,-1.0371040264443496,-0.30608152759295737,0.9095029478955516
-0.6566138727182415,-0.878684654930405,-0.30608152759295737,-0.9604130977777536
0.20808555951796523,2.0384168757056758,-0.30608152759295737,-0.9604130977777536
-0.2655130694453282,-1.0753431850856465,-0.30608152759295737,-0.9604130977777536
-0.00579769227190921,-0.44166569902986863,-0.30608152759295737,-0.02545507494110098
-0.3999539705703921,0.02812967856320802,-0.30608152759295737,-0.9604130977777536
0.00642420783036933,-0.3651873817472748,1.0019838686297755,-0.02545507494110098
0.7947367644273352,0.09368252194828848,-0.30608152759295737,-0.9604130977777536
0.08128334595682539,0.060906100255748254,-0.30608152759295737,-0.9604130977777536
-0.4610634710817848,-0.7803553898527844,-0.30608152759295737,0.9095029478955516
-0.7452226484597608,-0.1903797993870602,-0.30608152759295737,0.9095029478955516
-0.4335641958516581,-0.6874888617239204,-0.30608152759295737,2.7794189935688567
-0.3571773202124172,-0.5072185424149491,-0.30608152759295737,-0.9604130977777536
-0.652030660179887,-0.1903797993870602,-0.30608152759295737,0.9095029478955516
0.33030456054075064,0.46514863446374444,-0.30608152759295737,-0.02545507494110098
0.9413995656546776,-0.8240572854428381,-0.30608152759295737,-0.9604130977777536
1.1858375677002484,0.08275704805077508,-0.30608152759295737,0.9095029478955516
-0.03635244252760556,-0.955162972212999,-0.30608152759295737,-0.02545507494110098
-0.14329406842254278,0.1046079958458019,-0.30608152759295737,-0.9604130977777536
-0.12801669329469462,-0.5509204380050028,-0.30608152759295737,-0.9604130977777536
-0.6627248227693807,0.13738441753834213,-0.30608152759295737,-0.9604130977777536
-0.5405058217465953,-0.44166569902986863,-0.30608152759295737,0.9095029478955516
-0.21662546903621402,0.9895713815443882,-0.30608152759295737,0.9095029478955516
-0.9743832753774835,-1.195523397958294,-0.30608152759295737,-0.9604130977777536
-0.11885026821798571,0.07183157415326166,-0.30608152759295737,0.9095029478955516
-0.952994950198496,-0.7475789681602442,-0.30608152759295737,-0.9604130977777536
0.02475705798378714,0.04998062635823484,-0.30608152759295737,-0.9604130977777536
1.7052683220470863,0.880316642569254,-0.30608152759295737,-0.02545507494110098
-1.0660475261445725,-1.0316412894955929,-0.30608152759295737,-0.9604130977777536
0.14697605900657254,0.25756463041098965,-0.30608152759295737,0.9095029478955516
0.5212717496388528,-0.5072185424149491,-0.30608152759295737,-0.9604130977777536
0.4519124665584221,0.2903410521035299,-0.30608152759295737,-0.9604130977777536
-0.34189994508456906,-0.8349827593403515,-0.30608152759295737,-0.02545507494110098
0.7434047839977653,-0.3105600122597077,-0.30608152759295737,-0.02545507494110098
-0.20470911643649245,-0.35426190784976136,-0.30608152759295737,-0.9604130977777536
1.6136040712799973,2.1913735102708634,-0.30608152759295737,0.9095029478955516
-0.3266225699567209,0.1046079958458019,-0.30608152759295737,-0.9604130977777536
1.2209755304942993,1.492143180830005,4.926180057297974,0.9095029478955516
-0.702445998101786,-0.3214854861572211,-0.30608152759295737,0.9095029478955516
0.8955674402711331,-0.6273987552875966,-0.30608152759295737,-0.02545507494110098
0.52356335590803,-0.08112506041192609,-0.30608152759295737,-0.9604130977777536
-0.3113451948288727,-0.9770139200080258,-0.30608152759295737,-0.9604130977777536
0.11683379787932809,1.120677068314549,-0.30608152759295737,0.9095029478955516
0.10114393362302801,1.8308328716529207,-0.30608152759295737,-0.9604130977777536
0.21725198459467415,-0.8459082332378649,-0.30608152759295737,0.9095029478955516
-0.9377175750706479,-0.6492497030826234,-0.30608152759295737,-0.9604130977777536
0.360859310796447,0.18108631312839576,-0.30608152759295737,2.7794189935688567
-0.8002211989200143,-0.7038770725701905,-0.30608152759295737,-0.9604130977777536
-0.8368868992268499,-0.16852885159203337,-0.30608152759295737,-0.9604130977777536
-0.9377175750706479,-1.5342130887812098,-0.30608152759295737,-0.9604130977777536
-0.46411894610735444,-1.140896028470727,-0.30608152759295737,-0.9604130977777536
0.3454291619173203,0.7273600080040663,-0.30608152759295737,0.9095029478955516
-0.28231818208596116,-0.0920505343094395,-0.30608152759295737,-0.9604130977777536
-1.1974329522440668,-0.878684654930405,-0.30608152759295737,-0.9604130977777536
-0.3113451948288727,-0.4853675946199223,-0.30608152759295737,0.9095029478955516
0.5136330620749288,0.017204204665694608,-0.30608152759295737,-0.9604130977777536
-0.37245469534026543,-0.5072185424149491,-0.30608152759295737,-0.9604130977777536
-0.702445998101786,-0.63832422918511,-0.30608152759295737,-0.9604130977777536
-0.6780021978972289,-0.2668581166696541,-0.30608152759295737,-0.9604130977777536
-0.9377175750706479,-0.955162972212999,-0.30608152759295737,-0.9604130977777536
-0.32051161990558164,-0.004646743129332213,-0.30608152759295737,-0.02545507494110098
0.009479682855938965,-0.34333643395224794,-0.30608152759295737,-0.02545507494110098
0.29974981028505426,0.26849010430850306,-0.30608152759295737,0.9095029478955516
-0.3357889950334298,-0.16852885159203337,-0.30608152759295737,0.9095029478955516
0.01864610793264787,-0.015572217026845624,-0.30608152759295737,0.9095029478955516
0.8802900651432849,-0.048348638719385856,-0.30608152759295737,-0.02545507494110098
1.0177864412939186,1.7434290804728134,2.310049264852508,-0.9604130977777536
-0.4031622193472402,-0.8240572854428381,-0.30608152759295737,-0.9604130977777536
0.46780093669138423,0.9141856116515457,-0.30608152759295737,0.9095029478955516
0.06172830579317972,-0.03742316482187245,-0.30608152759295737,0.9095029478955516
-0.2044035689339355,0.5197760039513115,-0.30608152759295737,0.9095029478955516
-0.3571773202124172,-0.2777835905671675,-0.30608152759295737,-0.9604130977777536
0.17753080926226888,0.5416269517463383,-0.30608152759295737,0.9095029478955516
0.6969615636091069,0.3340429476935835,-0.30608152759295737,0.9095029478955516
-0.9254956749683694,-0.8568337071353782,-0.30608152759295737,-0.9604130977777536
-0.7543890735364698,-1.0425667633931062,-0.30608152759295737,-0.9604130977777536
0.05531180823948349,-0.13575242989949315,-0.30608152759295737,-0.9604130977777536
0.21725198459467415,-0.059274112616899265,-0.30608152759295737,-0.9604130977777536
1.2775018184673375,2.6939453095564803,-0.30608152759295737,0.9095029478955516
0.9322331405779687,0.46514863446374444,-0.30608152759295737,1.8444609707322042
-1.0263263508121674,-1.1627469762657539,-0.30608152759295737,-0.9604130977777536
-0.8827190246103944,-0.9879393939055392,-0.30608152759295737,-0.9604130977777536
-0.34189994508456906,-0.3651873817472748,-0.30608152759295737,-0.9604130977777536
0.19280818439011707,-0.07019958651441267,-0.30608152759295737,-0.9604130977777536
-0.3571773202124172,-1.0753431850856465,-0.30608152759295737,2.7794189935688567
0.5441878123306251,0.8147637991841736,-0.30608152759295737,0.9095029478955516
-0.5072011439678863,0.46514863446374444,-0.30608152759295737,-0.9604130977777536
2.310252377109874,0.7273600080040663,-0.30608152759295737,-0.02545507494110098
-1.0141044507098889,-1.1081196067781867,-0.30608152759295737,-0.9604130977777536
-0.9407730500962175,-1.2938526630359146,-0.30608152759295737,-0.9604130977777536
-0.7849438237921661,0.825689273081687,-0.30608152759295737,-0.9604130977777536
-0.4335641958516581,-1.009790341700566,-0.30608152759295737,-0.9604130977777536
0.5380768622794858,-1.195523397958294,-0.30608152759295737,-0.9604130977777536
-1.1225738141176107,-0.9660884461105124,-0.30608152759295737,0.9095029478955516
-0.9762165603928253,-1.009790341700566,-0.30608152759295737,-0.9604130977777536
-0.425925508287734,0.7164345341065529,-0.30608152759295737,0.9095029478955516
-0.8918854496871034,-0.3925010664910583,-0.30608152759295737,0.9095029478955516
0.17753080926226888,-0.1794543254895468,1.0019838686297755,-0.9604130977777536
1.1858375677002484,0.6071797951314188,-0.30608152759295737,-0.9604130977777536
-0.8231372616117866,-0.7803553898527844,-0.30608152759295737,-0.9604130977777536
-0.5435918515224206,0.1264589436408287,-0.30608152759295737,0.9095029478955516
0.10114393362302801,1.087900646622009,-0.30608152759295737,0.9095029478955516
-0.4335641958516581,-0.7366534942627307,-0.30608152759295737,0.9095029478955516
-0.3483958849889301,0.23571368261596282,-0.30608152759295737,0.9095029478955516
-0.7116124231784949,0.3897628645709019,-0.30608152759295737,0.9095029478955516
-0.6780021978972289,-0.6492497030826234,-0.30608152759295737,0.9095029478955516
-0.46411894610735444,-0.955162972212999,-0.30608152759295737,-0.9604130977777536
-0.7421671734341913,-1.7090206711414242,-0.30608152759295737,-0.9604130977777536
-0.509951071490899,0.08275704805077508,-0.30608152759295737,-0.9604130977777536
-0.9209124624300149,-0.7257280203652173,-0.30608152759295737,-0.9604130977777536
-0.6780021978972289,-0.5181440163124625,-0.30608152759295737,-0.9604130977777536
2.2246990763939243,1.1753044378021162,-0.30608152759295737,-0.9604130977777536
0.3565449800603427,0.47607410836125785,-0.30608152759295737,0.9095029478955516
-0.8307759491757106,-0.048348638719385856,-0.30608152759295737,-0.02545507494110098
-0.6550861352054567,-1.1518215023682403,-0.30608152759295737,-0.9604130977777536
-0.6168926973858362,0.07183157415326166,-0.30608152759295737,0.9095029478955516
-1.044659200965585,-0.07019958651441267,-0.30608152759295737,-0.02545507494110098
1.4761076951293637,0.5634778995413652,3.6181146610752415,-0.9604130977777536
-0.8154985740478625,-0.44166569902986863,-0.30608152759295737,-0.9604130977777536
1.7847106727118969,1.918236662833028,3.6181146610752415,0.9095029478955516
-0.8002211989200143,-1.2720017152408878,-0.30608152759295737,-0.9604130977777536
-0.17384881867823915,0.23571368261596282,-0.30608152759295737,-0.9604130977777536
4.152703817528364,0.585328847336392,2.310049264852508,0.9095029478955516
0.9872316910382222,-0.03742316482187245,-0.30608152759295737,0.9095029478955516
-0.03024149247646629,-0.33241096005473453,-0.30608152759295737,0.9095029478955516
-0.5406585954978738,0.2029372609234226,-0.30608152759295737,0.9095029478955516
-1.0064657631459646,-1.3157036108309415,-0.30608152759295737,-0.9604130977777536
-1.2432650776276113,-1.457734771498616,-0.30608152759295737,-0.9604130977777536
-0.32051161990558164,-0.6820261247751637,-0.30608152759295737,-0.9604130977777536
-0.46411894610735444,-0.9660884461105124,-0.30608152759295737,-0.9604130977777536
0.6664068133534105,0.6618071646189858,-0.30608152759295737,0.9095029478955516
-1.2906249405239407,-1.0425667633931062,-0.30608152759295737,-0.9604130977777536
5.6773858552876115,1.4047393896498979,3.6181146610752415,0.9095029478955516
0.9032061278350572,0.6290307429264456,-0.30608152759295737,0.9095029478955516
-0.6550861352054567,-0.5181440163124625,-0.30608152759295737,-0.9604130977777536
-1.121046076604826,-1.5888404582687767,-0.30608152759295737,-0.9604130977777536
-0.7698192224155964,-0.4962930685174357,-0.30608152759295737,-0.9604130977777536
-0.4335641958516581,-0.6492497030826234,-0.30608152759295737,-0.9604130977777536
-0.9837024742054709,-0.6820261247751637,-0.30608152759295737,-0.9604130977777536
-1.1616838944449022,-0.44166569902986863,-0.30608152759295737,-0.9604130977777536
-0.12801669329469462,0.8693911686717406,-0.30608152759295737,0.9095029478955516
-0.23495831918963184,-1.326629084728455,-0.30608152759295737,-0.9604130977777536
-0.00579769227190921,-1.1736724501632672,-0.30608152759295737,-0.9604130977777536
-0.051629817655453734,-0.63832422918511,-0.30608152759295737,-0.9604130977777536
-0.6628775965206593,-0.9988648678030526,-0.30608152759295737,-0.9604130977777536
0.07058918336733166,0.5744033734388786,-0.30608152759295737,-0.9604130977777536
0.6679345508661954,-0.14667790379700654,-0.30608152759295737,-0.9604130977777536
1.7052683220470863,0.585328847336392,4.926180057297974,-0.9604130977777536
0.18822497185176262,2.1148951929882696,4.926180057297974,-0.9604130977777536
-0.27009628198368263,0.19201178702590918,-0.30608152759295737,-0.9604130977777536
0.1255877338275851,0.5525524256438518,-0.30608152759295737,-0.9604130977777536
-0.8154985740478625,-1.4795857192936426,-0.30608152759295737,-0.9604130977777536
1.0177864412939186,1.8199073977554074,-0.30608152759295737,0.9095029478955516
-0.6321700725136844,0.454223160566231,-0.30608152759295737,-0.9604130977777536
0.3180826604384721,0.4105212649761774,-0.30608152759295737,-0.9604130977777536
-0.4564802585434304,0.02812967856320802,-0.30608152759295737,0.9095029478955516
0.7427936889926514,-0.4962930685174357,-0.30608152759295737,-0.9604130977777536
-0.21968094406178365,-0.35426190784976136,-0.30608152759295737,-0.9604130977777536
0.05531180823948349,-0.059274112616899265,-0.30608152759295737,0.9095029478955516
-0.06996266780887155,-1.4140328759085623,-0.30608152759295737,-0.9604130977777536
0.6236301629954356,0.26849010430850306,-0.30608152759295737,-0.9604130977777536
-0.6871686229739378,-1.2173743457533208,-0.30608152759295737,-0.9604130977777536
-0.5221729715931775,-0.769429915955271,-0.30608152759295737,-0.9604130977777536
-0.8918854496871034,-0.004646743129332213,-0.30608152759295737,-0.02545507494110098
-0.03024149247646629,-0.11390148210446632,-0.30608152759295737,-0.9604130977777536
-0.1281694670459731,-0.6601751769801368,-0.30608152759295737,0.9095029478955516
-0.509951071490899,-1.4249583498060756,-0.30608152759295737,-0.9604130977777536
0.29974981028505426,-0.4744421207224089,-0.30608152759295737,1.8444609707322042
-0.4335641958516581,0.14830989143585555,-0.30608152759295737,-0.9604130977777536
0.09197750854631911,-0.3214854861572211,-0.30608152759295737,-0.9604130977777536
-0.7085569481529252,-0.8459082332378649,-0.30608152759295737,-0.9604130977777536
1.366110594208857,1.2627082289822233,-0.30608152759295737,0.9095029478955516
0.43724618643568786,0.7055090602090395,-0.30608152759295737,0.9095029478955516
1.1170893796249317,0.7055090602090395,-0.30608152759295737,0.9095029478955516
-0.34953863264849316,0.36681936938612375,-0.30608152759295737,0.9095029478955516
0.971954315910374,2.8359764702241548,2.310049264852508,0.9095029478955516
-0.5405058217465953,-0.955162972212999,-0.30608152759295737,-0.9604130977777536
-0.8903577121743186,-0.45259117292738205,-0.30608152759295737,0.9095029478955516
-0.39776930592710985,-0.3105600122597077,-0.30608152759295737,-0.9604130977777536
-0.3877320704681136,-0.13575242989949315,-0.30608152759295737,0.9095029478955516
-1.2615979277810292,-1.6106914060638036,-0.30608152759295737,-0.9604130977777536
-0.1616269185759606,-1.2064488718558075,-0.30608152759295737,-0.9604130977777536
-1.1363234517326741,-0.6820261247751637,-0.30608152759295737,-0.9604130977777536
-0.37703790787861985,-0.07019958651441267,-0.30608152759295737,0.9095029478955516
-0.8582752244058374,-0.34333643395224794,-0.30608152759295737,-0.9604130977777536
4.470473220187606,1.8417583455504343,4.926180057297974,-0.9604130977777536
-0.5710605720022917,-0.5181440163124625,-0.30608152759295737,-0.9604130977777536
0.6114082628931571,-0.63832422918511,-0.30608152759295737,2.7794189935688567
-0.4337169696029366,-0.048348638719385856,-0.30608152759295737,-0.9604130977777536
0.7611265391460692,0.3340429476935835,-0.30608152759295737,0.9095029478955516
-1.0752139512212815,-0.40888927733732844,-0.30608152759295737,-0.9604130977777536
-0.9545226877112809,-0.3870383295423016,-0.30608152759295737,-0.9604130977777536
-0.008853167297478846,-0.45259117292738205,-0.30608152759295737,0.9095029478955516
0.021701582958217506,0.6727326385164992,-0.30608152759295737,0.9095029478955516
0.009479682855938965,0.6618071646189858,-0.30608152759295737,-0.9604130977777536
-0.7849438237921661,0.3416907794218429,-0.30608152759295737,0.9095029478955516
0.3241936104896114,1.2736337028797369,-0.30608152759295737,0.9095029478955516
0.20808555951796523,0.8584656947742273,-0.30608152759295737,0.9095029478955516
0.6891701022939043,-0.5399949641074894,-0.30608152759295737,-0.9604130977777536
0.6816841884812587,2.497286779401239,-0.30608152759295737,0.9095029478955516
0.13628189641707883,-0.3761128556447882,-0.30608152759295737,2.7794189935688567
-0.06690719278330191,-0.63832422918511,-0.30608152759295737,0.9095029478955516
-0.2655130694453282,-0.769429915955271,-0.30608152759295737,2.7794189935688567
0.33947098561745953,0.6071797951314188,-0.30608152759295737,-0.9604130977777536
-0.8003739726712928,-0.40888927733732844,-0.30608152759295737,-0.9604130977777536
-0.28094321832445485,0.04998062635823484,-0.30608152759295737,0.9095029478955516
0.07058918336733166,0.2903410521035299,-0.30608152759295737,-0.9604130977777536
0.2386403097736616,0.3012665260010433,-0.30608152759295737,-0.02545507494110098
-0.8338314242012803,-0.4744421207224089,-0.30608152759295737,-0.9604130977777536
1.0177864412939186,1.2299318072896832,-0.30608152759295737,0.9095029478955516
0.26919506002935795,2.715796257351507,-0.30608152759295737,-0.9604130977777536
-0.3571773202124172,0.3449684215910969,1.0019838686297755,0.9095029478955516
0.32266587297682653,-0.9114610766229453,-0.30608152759295737,-0.9604130977777536
-0.28079044457317637,-0.13575242989949315,-0.30608152759295737,-0.02545507494110098
-0.3113451948288727,-1.1736724501632672,-0.30608152759295737,-0.9604130977777536
-0.2960678197010245,0.23571368261596282,-0.30608152759295737,0.9095029478955516
-0.03635244252760556,0.09368252194828848,-0.30608152759295737,0.9095029478955516
1.0177864412939186,0.8693911686717406,-0.30608152759295737,0.9095029478955516
0.43724618643568786,1.120677068314549,-0.30608152759295737,0.9095029478955516
0.7825148643250566,1.6013979198051391,-0.30608152759295737,0.9095029478955516
-0.7467503859725457,-0.23408169497711384,-0.30608152759295737,0.9095029478955516
0.6356992893464356,1.0769751727244954,-0.30608152759295737,0.9095029478955516
-0.14329406842254278,0.3449684215910969,-0.30608152759295737,-0.9604130977777536
-0.00579769227190921,-0.8677591810328916,-0.30608152759295737,-0.02545507494110098
-0.4488415709795063,-0.7257280203652173,-0.30608152759295737,-0.9604130977777536
2.3163633271610133,1.9422727054075577,4.926180057297974,2.7794189935688567
1.6288814464078456,3.3385482695097717,2.310049264852508,0.9095029478955516
-1.0015770031050533,-1.064417711188133,-0.30608152759295737,0.9095029478955516
-1.0141044507098889,-0.22315622107960043,-0.30608152759295737,-0.9604130977777536
-0.12954443080747943,0.43237221277120425,-0.30608152759295737,-0.02545507494110098
0.0125351578815086,-1.2610762413433745,-0.30608152759295737,-0.9604130977777536
-0.7635554986131787,0.399595791078664,-0.30608152759295737,-0.9604130977777536
-0.7727219236898876,-0.4853675946199223,-0.30608152759295737,-0.9604130977777536
-0.9224401999427997,-1.064417711188133,-0.30608152759295737,-0.9604130977777536
-0.4488415709795063,-0.15760337769451996,-0.30608152759295737,-0.9604130977777536
0.7733484392483477,-0.059274112616899265,-0.30608152759295737,-0.9604130977777536
1.2622244433394894,3.862971016590415,-0.30608152759295737,0.9095029478955516
0.5594651874584733,0.3231174737960701,-0.30608152759295737,-0.9604130977777536
-0.6321700725136844,0.5307014778488249,-0.30608152759295737,0.9095029478955516
-0.1524604934992517,0.7492109557990931,2.310049264852508,0.9095029478955516
-0.8918854496871034,-0.6711006508776503,-0.30608152759295737,-0.9604130977777536
0.4830783118192324,-0.23408169497711384,-0.30608152759295737,-0.9604130977777536
0.009479682855938965,-0.46351664682489546,-0.30608152759295737,-0.02545507494110098
0.04003443311163531,-0.11390148210446632,-0.30608152759295737,-0.9604130977777536
0.29974981028505426,0.23571368261596282,-0.30608152759295737,-0.9604130977777536
-0.46411894610735444,-0.7224503781959634,-0.30608152759295737,2.7794189935688567
-0.2303751066512774,-0.7585044420577576,-0.30608152759295737,-0.9604130977777536
-0.5175897590548231,-1.0316412894955929,-0.30608152759295737,-0.9604130977777536
3.8441008399458307,2.4863613055037255,-0.30608152759295737,0.9095029478955516
-0.8766080745592552,-0.5618459119025162,-0.30608152759295737,0.9095029478955516
-0.2294584641436065,-0.7038770725701905,-0.30608152759295737,0.9095029478955516
0.6327965880721445,0.5962543212339054,-0.30608152759295737,0.9095029478955516
0.20808555951796523,-0.3214854861572211,-0.30608152759295737,0.9095029478955516
-0.5680050969767221,-1.3157036108309415,-0.30608152759295737,-0.9604130977777536
-1.1516008268605222,-1.064417711188133,-0.30608152759295737,-0.9604130977777536
-0.9560504252240657,-1.0207158155980793,-0.30608152759295737,-0.9604130977777536
-0.03635244252760556,2.2241499319634035,-0.30608152759295737,0.9095029478955516
-0.1281694670459731,0.26849010430850306,-0.30608152759295737,0.9095029478955516
0.23558483474809194,-0.5072185424149491,-0.30608152759295737,-0.02545507494110098
0.015590632907078236,-0.7038770725701905,-0.30608152759295737,-0.9604130977777536
-0.5563942918795575,0.2903410521035299,-0.30608152759295737,0.9095029478955516
-0.13107216832026425,-0.4744421207224089,-0.30608152759295737,0.9095029478955516
-1.078269426246851,-1.2173743457533208,-0.30608152759295737,-0.9604130977777536
0.7855703393506263,1.5030686547275185,-0.30608152759295737,0.9095029478955516
-0.8704971245081159,0.2247882087184494,-0.30608152759295737,-0.9604130977777536
-0.8307759491757106,-0.2559326427721407,-0.30608152759295737,-0.9604130977777536
-0.27009628198368263,-0.13575242989949315,2.310049264852508,-0.9604130977777536
-0.9316066250195086,-1.0862686589831598,-0.30608152759295737,-0.9604130977777536
-0.2624575944197586,-0.4962930685174357,-0.30608152759295737,-0.9604130977777536
-0.5695328344895069,0.5197760039513115,-0.30608152759295737,0.9095029478955516
-0.7392644721599001,-0.6164732813900832,-0.30608152759295737,-0.9604130977777536
-0.6321700725136844,-1.0425667633931062,-0.30608152759295737,-0.9604130977777536
-0.8353591617140651,-0.026497690924359035,-0.30608152759295737,0.9095029478955516
-0.47939632123520265,-0.45259117292738205,-0.30608152759295737,-0.9604130977777536
-0.5068955964653293,0.3231174737960701,-0.30608152759295737,0.9095029478955516
0.19282040629021935,-0.8240572854428381,-0.30608152759295737,0.9095029478955516
1.0513966665751846,0.585328847336392,-0.30608152759295737,-0.02545507494110098
0.05531180823948349,0.14830989143585555,-0.30608152759295737,0.9095029478955516
-0.6077262723091273,-0.059274112616899265,-0.30608152759295737,0.9095029478955516
2.6677429551015215,2.7813491007365876,-0.30608152759295737,0.9095029478955516
-0.8307759491757106,-0.6820261247751637,-0.30608152759295737,-0.9604130977777536
-0.3981054081799225,0.5831437525568893,-0.30608152759295737,0.9095029478955516
0.02475705798378714,0.6290307429264456,-0.30608152759295737,0.9095029478955516
-0.23495831918963184,-0.6492497030826234,-0.30608152759295737,0.9095029478955516
0.12864320885315472,-0.7038770725701905,-0.30608152759295737,0.9095029478955516
-0.8154985740478625,-0.8022063376478112,-0.30608152759295737,0.9095029478955516
-0.6642525602821655,-0.5072185424149491,-0.30608152759295737,0.9095029478955516
0.4830783118192324,-0.08112506041192609,-0.30608152759295737,0.9095029478955516
-0.47878522623008873,-0.6273987552875966,-0.30608152759295737,-0.02545507494110098
-0.8307759491757106,-0.24500716887462726,-0.30608152759295737,-0.9604130977777536
0.5900199377141696,0.7601364296966066,-0.30608152759295737,0.9095029478955516
-0.4664105523765317,-0.6929515986726771,-0.30608152759295737,-0.9604130977777536
-0.693279573025077,-0.40888927733732844,-0.30608152759295737,-0.9604130977777536
0.009479682855938965,-0.0920505343094395,-0.30608152759295737,0.9095029478955516
0.02475705798378714,-0.24500716887462726,-0.30608152759295737,-0.02545507494110098
-0.3877320704681136,-0.23408169497711384,-0.30608152759295737,-0.9604130977777536
-0.47175763367127854,-0.6164732813900832,-0.30608152759295737,-0.9604130977777536
-0.3357889950334298,-0.7148025464677039,3.6181146610752415,-0.9604130977777536
-0.42745324580051886,0.6290307429264456,3.6181146610752415,-0.9604130977777536
1.5066624453850601,1.4484412852399515,3.6181146610752415,0.9095029478955516
-0.7553057160441407,-0.16852885159203337,-0.30608152759295737,-0.9604130977777536
0.6175192129442963,0.5962543212339054,-0.30608152759295737,0.9095029478955516
0.5289104372027769,0.46514863446374444,-0.30608152759295737,0.9095029478955516
-0.12801669329469462,-0.44166569902986863,-0.30608152759295737,-0.02545507494110098
2.3163633271610133,2.344330144836051,3.6181146610752415,0.9095029478955516
1.858042073325568,0.04998062635823484,2.310049264852508,-0.9604130977777536
0.33030456054075064,0.7819873774916334,-0.30608152759295737,0.9095029478955516
-0.3266225699567209,1.25178275508471,-0.30608152759295737,0.9095029478955516
-0.09746194303899826,-0.7038770725701905,-0.30608152759295737,-0.9604130977777536
-0.051629817655453734,0.3449684215910969,-0.30608152759295737,-0.9604130977777536
1.1552828174445522,0.825689273081687,-0.30608152759295737,-0.02545507494110098
-1.044659200965585,-0.4307402251323552,-0.30608152759295737,-0.9604130977777536
-0.3266225699567209,-0.9442374983154855,-0.30608152759295737,-0.02545507494110098
0.8190277908806137,0.11553346974331531,-0.30608152759295737,-0.02545507494110098
2.5302465789508877,0.36681936938612375,4.926180057297974,-0.02545507494110098
-0.2655130694453282,-0.08112506041192609,-0.30608152759295737,-0.9604130977777536
-0.21662546903621402,-0.10297600820695291,-0.30608152759295737,0.9095029478955516
-0.8811912870976096,-1.4358838237035891,-0.30608152759295737,-0.9604130977777536
-1.0904913263491296,-0.3105600122597077,-0.30608152759295737,-0.9604130977777536
-0.019547329886972567,-0.4307402251323552,-0.30608152759295737,0.9095029478955516
0.8955674402711331,0.17016083923088235,-0.30608152759295737,-0.9604130977777536
0.14544832149378772,0.5525524256438518,-0.30608152759295737,0.9095029478955516
0.4219688113078397,0.15923536533336896,-0.30608152759295737,-0.9604130977777536
-0.5557831968744436,-1.2064488718558075,-0.30608152759295737,-0.02545507494110098
0.16225343413442073,-0.14667790379700654,-0.30608152759295737,0.9095029478955516
-0.7391116984086216,0.6071797951314188,-0.30608152759295737,0.9095029478955516
0.360859310796447,-0.15760337769451996,-0.30608152759295737,-0.02545507494110098
0.08586655849517984,0.3012665260010433,-0.30608152759295737,0.9095029478955516
-0.7849438237921661,-1.4686602453961293,-0.30608152759295737,-0.9604130977777536
-0.3266225699567209,-1.250150767445861,-0.30608152759295737,-0.9604130977777536
-1.1668782019883706,-0.9988648678030526,-0.30608152759295737,-0.9604130977777536
0.803903189504044,2.704870783453994,3.6181146610752415,-0.9604130977777536
-0.28079044457317637,-0.7038770725701905,-0.30608152759295737,0.9095029478955516
-0.09746194303899826,-0.878684654930405,-0.30608152759295737,-0.9604130977777536
1.7663778225584792,2.4863613055037255,3.6181146610752415,-0.9604130977777536
2.2552538266496205,0.9677204337493613,-0.30608152759295737,0.9095029478955516
-0.008853167297478846,0.14830989143585555,-0.30608152759295737,-0.9604130977777536
-0.41158616399273573,-0.2668581166696541,-0.30608152759295737,0.9095029478955516
-0.6780021978972289,-0.8240572854428381,-0.30608152759295737,-0.9604130977777536
0.6022418378164481,0.6508816907214724,-0.30608152759295737,0.9095029478955516
-0.2746794945220371,-0.4198147512348418,-0.30608152759295737,-0.9604130977777536
0.17753080926226888,0.47607410836125785,-0.30608152759295737,0.9095029478955516
-0.803276673945584,0.6181052690289323,-0.30608152759295737,0.9095029478955516
1.0788959418053112,1.21900633339217,-0.30608152759295737,0.9095029478955516
0.13169868387872435,0.3340429476935835,-0.30608152759295737,0.9095029478955516
-0.41828682072380996,-0.7858181268015411,-0.30608152759295737,0.9095029478955516
0.9023475393528722,0.9895713815443882,-0.30608152759295737,0.9095029478955516
1.3080260139727782,2.2132244580658904,-0.30608152759295737,0.9095029478955516
-0.15857144355039096,-0.4307402251323552,-0.30608152759295737,2.7794189935688567
0.21114103454353486,1.8526838194479476,-0.30608152759295737,-0.9604130977777536
-0.24412474426634073,1.0332732771344417,-0.30608152759295737,0.9095029478955516
-0.00579769227190921,-0.3761128556447882,-0.30608152759295737,0.9095029478955516
-0.861330699431407,-0.3422438865624966,-0.30608152759295737,0.9095029478955516
-0.09746194303899826,0.35589389548861033,-0.30608152759295737,0.9095029478955516
0.07822787093125576,0.19201178702590918,-0.30608152759295737,0.9095029478955516
-0.2960678197010245,-0.7475789681602442,-0.30608152759295737,-0.9604130977777536
0.43626843442750557,0.26849010430850306,-0.30608152759295737,0.9095029478955516
-0.2655130694453282,-0.9005356027254319,-0.30608152759295737,-0.02545507494110098
-0.00579769227190921,0.8147637991841736,-0.30608152759295737,0.9095029478955516
-0.03635244252760556,1.3938139157523843,2.310049264852508,0.9095029478955516
-0.40300944559596175,-0.7803553898527844,-0.30608152759295737,-0.9604130977777536
-0.28079044457317637,-0.529069490209976,-0.30608152759295737,-0.9604130977777536
0.20778001201540827,1.1643789639046027,-0.30608152759295737,0.9095029478955516
0.3241936104896114,0.2794155782060165,-0.30608152759295737,0.9095029478955516
0.02475705798378714,0.14830989143585555,-0.30608152759295737,0.9095029478955516
-0.5955043722068488,-0.9660884461105124,-0.30608152759295737,-0.9604130977777536
3.339947460726841,2.289702775348484,-0.30608152759295737,-0.9604130977777536
2.4355268531582293,2.3224791970410243,2.310049264852508,0.9095029478955516
-0.7747079824565078,-0.2887090644646809,-0.30608152759295737,-0.9604130977777536
1.858042073325568,0.7929128513891468,-0.30608152759295737,-0.9604130977777536
-0.051629817655453734,0.37774484328363717,-0.30608152759295737,0.9095029478955516
-0.8911215809307109,0.09368252194828848,-0.30608152759295737,0.9095029478955516
-0.6138372223602666,-0.22315622107960043,-0.30608152759295737,-0.9604130977777536
0.4830783118192324,1.120677068314549,-0.30608152759295737,0.9095029478955516
-0.46411894610735444,0.6290307429264456,-0.30608152759295737,-0.02545507494110098
-0.005950466023187692,0.07183157415326166,1.0019838686297755,-0.9604130977777536
0.03086800803492641,-0.8131318115453247,-0.30608152759295737,2.7794189935688567
-0.8918854496871034,0.43237221277120425,-0.30608152759295737,-0.02545507494110098
-0.12190574324355534,-0.9005356027254319,-0.30608152759295737,-0.9604130977777536
-0.1891261938060873,0.1046079958458019,3.6181146610752415,0.9095029478955516
-0.4992569089014053,-1.5232876148836962,-0.30608152759295737,-0.9604130977777536
2.4691370784394953,1.2845591767772502,-0.30608152759295737,0.9095029478955516
4.149648342502794,2.1913735102708634,-0.30608152759295737,0.9095029478955516
0.19280818439011707,0.5962543212339054,3.6181146610752415,0.9095029478955516
-0.7160428619655709,-0.15760337769451996,-0.30608152759295737,0.9095029478955516
-0.7247509657884443,-1.512362140986183,-0.30608152759295737,-0.9604130977777536
0.07975560844404057,-0.08112506041192609,-0.30608152759295737,-0.9604130977777536
-0.47939632123520265,-0.9770139200080258,-0.30608152759295737,-0.9604130977777536
-0.6016153222579881,-0.9988648678030526,-0.30608152759295737,2.7794189935688567
-0.3266225699567209,-0.2559326427721407,-0.30608152759295737,-0.9604130977777536
0.11336583372530655,-0.2777835905671675,-0.30608152759295737,-0.9604130977777536
-0.9346621000450782,-0.8677591810328916,-0.30608152759295737,-0.9604130977777536
-0.7235287757782165,-0.583696859697543,-0.30608152759295737,-0.9604130977777536
-0.5313393966698864,-0.45259117292738205,-0.30608152759295737,-0.9604130977777536
-0.8766080745592552,-1.009790341700566,2.310049264852508,-0.9604130977777536
-0.4335641958516581,-1.0753431850856465,-0.30608152759295737,-0.9604130977777536
-0.3113451948288727,0.1264589436408287,-0.30608152759295737,-0.9604130977777536
-0.3816211204169743,-1.3157036108309415,-0.30608152759295737,-0.9604130977777536
-0.3266225699567209,-1.4468092976011024,-0.30608152759295737,-0.9604130977777536
-0.2044035689339355,-0.15760337769451996,-0.30608152759295737,-0.9604130977777536
0.06600597082897722,0.7382854819015797,-0.30608152759295737,0.9095029478955516
-0.7849438237921661,-0.4853675946199223,-0.30608152759295737,0.9095029478955516
-0.21662546903621402,0.2247882087184494,-0.30608152759295737,0.9095029478955516
-0.12801669329469462,0.1264589436408287,-0.30608152759295737,-0.02545507494110098
0.29974981028505426,0.017204204665694608,-0.30608152759295737,0.9095029478955516
-0.30370650726494863,0.04998062635823484,-0.30608152759295737,0.9095029478955516
-1.003715835622952,-1.064417711188133,-0.30608152759295737,-0.9604130977777536
0.8833455401688546,-0.10297600820695291,-0.30608152759295737,-0.02545507494110098
-0.6627248227693807,-0.8459082332378649,-0.30608152759295737,-0.9604130977777536
-0.3571773202124172,-1.326629084728455,-0.30608152759295737,-0.9604130977777536
0.02475705798378714,0.6290307429264456,-0.30608152759295737,-0.9604130977777536
0.1773780355109904,1.754354554370327,2.310049264852508,0.9095029478955516
2.087202700243291,0.6727326385164992,-0.30608152759295737,0.9095029478955516
0.6358520630977141,-0.08112506041192609,-0.30608152759295737,0.9095029478955516
-0.769666448664318,0.2903410521035299,-0.30608152759295737,0.9095029478955516
-0.8307759491757106,-0.14667790379700654,-0.30608152759295737,-0.9604130977777536
-0.9531477239497745,-0.9005356027254319,-0.30608152759295737,-0.9604130977777536
-0.9377206305456735,-0.8677591810328916,-0.30608152759295737,-0.9604130977777536
-0.8460533243035588,-1.2282998196508341,-0.30608152759295737,-0.9604130977777536
-0.5334782291877852,0.07183157415326166,-0.30608152759295737,0.9095029478955516
0.02475705798378714,-0.8131318115453247,-0.30608152759295737,-0.02545507494110098
0.6166025704366255,0.5307014778488249,-0.30608152759295737,0.9095029478955516
-0.5779353908098234,-1.1627469762657539,-0.30608152759295737,0.9095029478955516
-0.42149506950065807,-1.545138562678723,-0.30608152759295737,0.9095029478955516
1.33861131897873,0.6618071646189858,-0.30608152759295737,-0.02545507494110098
0.13169868387872435,0.37774484328363717,2.310049264852508,0.9095029478955516
0.03697895808606568,-0.397963803439815,-0.30608152759295737,-0.9604130977777536
0.0125351578815086,-0.6492497030826234,-0.30608152759295737,0.9095029478955516
-0.8002211989200143,-0.5618459119025162,-0.30608152759295737,-0.02545507494110098
-1.0064657631459646,-1.195523397958294,-0.30608152759295737,-0.9604130977777536
0.6022418378164481,0.7382854819015797,-0.30608152759295737,0.9095029478955516
-0.3480108951357083,-0.8896101288279185,-0.30608152759295737,-0.9604130977777536
1.2927791935951856,1.1316025422120626,-0.30608152759295737,-0.9604130977777536
-0.5408113692491523,0.4105212649761774,-0.30608152759295737,0.9095029478955516
0.052256333213913854,-0.059274112616899265,-0.30608152759295737,-0.9604130977777536
-1.00493802563318,-0.15760337769451996,-0.30608152759295737,-0.9604130977777536
0.2386403097736616,0.5088505300537981,-0.30608152759295737,0.9095029478955516
-0.9224401999427997,-0.23408169497711384,-0.30608152759295737,-0.02545507494110098
0.9490382532186017,0.5525524256438518,-0.30608152759295737,-0.9604130977777536
0.17753080926226888,0.5525524256438518,-0.30608152759295737,0.9095029478955516
-0.40300944559596175,-0.1794543254895468,-0.30608152759295737,0.9095029478955516
-0.6535583976926719,-0.7475789681602442,-0.30608152759295737,0.9095029478955516
0.2539176849015098,0.09368252194828848,-0.30608152759295737,-0.9604130977777536
0.33015178678947216,0.24663915651347623,-0.30608152759295737,0.9095029478955516
-0.9377175750706479,-0.583696859697543,-0.30608152759295737,-0.02545507494110098
-0.1616269185759606,-0.6820261247751637,-0.30608152759295737,0.9095029478955516
-0.01801959237418775,-0.24500716887462726,-0.30608152759295737,0.9095029478955516
-0.4335641958516581,0.26849010430850306,-0.30608152759295737,1.8444609707322042
-0.4396751459027974,-0.44166569902986863,-0.30608152759295737,0.9095029478955516
-0.49772917138862044,-0.11390148210446632,-0.30608152759295737,-0.9604130977777536
-0.6016153222579881,-0.8568337071353782,-0.30608152759295737,0.9095029478955516
-0.5405058217465953,-0.35426190784976136,-0.30608152759295737,0.9095029478955516
-0.693279573025077,-0.7038770725701905,-0.30608152759295737,0.9095029478955516
0.08892203352074947,0.6836581124140126,-0.30608152759295737,-0.02545507494110098
1.4761076951293637,1.787130976062867,-0.30608152759295737,0.9095029478955516
0.46780093669138423,0.454223160566231,-0.30608152759295737,0.9095029478955516
-0.9682723253263442,-0.397963803439815,-0.30608152759295737,-0.9604130977777536
0.6052973128420178,0.9567949598518479,-0.30608152759295737,0.9095029478955516
-0.693279573025077,-0.212230747182087,-0.30608152759295737,0.9095029478955516
2.102480075371139,1.0004968554419016,-0.30608152759295737,0.9095029478955516
-0.37245469534026543,-1.381256454216022,-0.30608152759295737,-0.9604130977777536
-0.7085569481529252,-0.769429915955271,-0.30608152759295737,-0.9604130977777536
0.4830783118192324,-0.048348638719385856,-0.30608152759295737,-0.9604130977777536
-0.8338314242012803,-0.6164732813900832,-0.30608152759295737,0.9095029478955516
-0.5252590013690028,-0.1794543254895468,-0.30608152759295737,0.9095029478955516
0.7886258143761959,-0.5509204380050028,-0.30608152759295737,0.9095029478955516
0.0828110834696102,1.6888017109852465,-0.30608152759295737,-0.9604130977777536
-1.121046076604826,-0.212230747182087,-0.30608152759295737,-0.9604130977777536
-0.3113451948288727,-0.9114610766229453,-0.30608152759295737,2.7794189935688567
-0.3266225699567209,-0.16852885159203337,-0.30608152759295737,-0.9604130977777536
-0.6016153222579881,-0.63832422918511,-0.30608152759295737,-0.9604130977777536
0.04920085818834422,0.060906100255748254,-0.30608152759295737,-0.9604130977777536
-0.2044035689339355,-0.6929515986726771,2.310049264852508,-0.9604130977777536
-0.15857144355039096,0.1046079958458019,-0.30608152759295737,0.9095029478955516
-0.6321700725136844,0.3340429476935835,-0.30608152759295737,-0.9604130977777536
-0.5863379471301399,-0.8000212428683086,-0.30608152759295737,-0.02545507494110098
-1.3502067035225487,-1.0971941328806734,-0.30608152759295737,-0.9604130977777536
-0.3800933829041895,-0.8022063376478112,-0.30608152759295737,-0.02545507494110098
-0.8827190246103944,-0.0920505343094395,-0.30608152759295737,-0.9604130977777536
2.133034825626835,0.77106190359412,-0.30608152759295737,0.9095029478955516
-0.15857144355039096,0.9786459076468748,-0.30608152759295737,0.9095029478955516
-0.21968094406178365,0.18108631312839576,-0.30608152759295737,-0.9604130977777536
-0.1790431262217075,-0.9988648678030526,-0.30608152759295737,-0.9604130977777536
0.3578038357708774,0.42144673887369083,-0.30608152759295737,0.9095029478955516
-0.1891261938060873,0.213862734820936,-0.30608152759295737,-0.9604130977777536
-1.1516008268605222,-1.2610762413433745,-0.30608152759295737,-0.9604130977777536
0.35933157328366216,-0.33241096005473453,-0.30608152759295737,-0.9604130977777536
-0.9838552479567494,-1.2610762413433745,-0.30608152759295737,-0.9604130977777536
-0.693279573025077,-0.4198147512348418,-0.30608152759295737,-0.9604130977777536
-0.8918854496871034,-0.583696859697543,-0.30608152759295737,-0.9604130977777536
-0.8368868992268499,-0.8131318115453247,-0.30608152759295737,-0.9604130977777536
-0.4946736963630508,-0.4853675946199223,-0.30608152759295737,-0.9604130977777536
-0.13107216832026425,-0.9879393939055392,-0.30608152759295737,-0.9604130977777536
-0.7849438237921661,-0.5170514689227111,-0.30608152759295737,-0.9604130977777536
-1.096602276400269,-0.8677591810328916,-0.30608152759295737,-0.9604130977777536
1.6136040712799973,0.8912421164667674,-0.30608152759295737,0.9095029478955516
-0.3449554201101387,-0.7803553898527844,-0.30608152759295737,2.7794189935688567
-0.4243977707749492,-1.1190450806757002,-0.30608152759295737,-0.9604130977777536
-0.5084233339781141,-0.6492497030826234,-0.30608152759295737,-0.9604130977777536
3.8288234648179826,3.436877534587392,1.0019838686297755,0.9095029478955516
-0.07851799788046653,-0.015572217026845624,-0.30608152759295737,-0.9604130977777536
-0.47939632123520265,-0.44166569902986863,-0.30608152759295737,-0.9604130977777536
-0.08218456791115009,-0.35426190784976136,-0.30608152759295737,0.9095029478955516
-0.509951071490899,0.09368252194828848,-0.30608152759295737,0.9095029478955516
0.33030456054075064,0.47607410836125785,-0.30608152759295737,0.9095029478955516
-0.718065586432498,-1.2173743457533208,-0.30608152759295737,0.9095029478955516
1.0025090661660703,1.3282610723673038,1.0019838686297755,0.9095029478955516
-0.7085569481529252,-0.4198147512348418,-0.30608152759295737,-0.02545507494110098
-0.8865383683923564,-0.878684654930405,-0.30608152759295737,-0.9604130977777536
-0.5374503467210257,-0.6601751769801368,-0.30608152759295737,-0.9604130977777536
-0.34205271883584754,-0.12482695600197974,-0.30608152759295737,-0.9604130977777536
0.5136330620749288,0.3449684215910969,-0.30608152759295737,0.9095029478955516
1.0788959418053112,0.46514863446374444,-0.30608152759295737,-0.9604130977777536
-1.1989606897568517,-1.2173743457533208,-0.30608152759295737,-0.9604130977777536
-0.7085569481529252,-0.3761128556447882,-0.30608152759295737,-0.9604130977777536
0.04003443311163531,0.060906100255748254,2.310049264852508,-0.02545507494110098
0.6358520630977141,0.6836581124140126,1.0019838686297755,0.9095029478955516
0.6205746879698659,1.492143180830005,-0.30608152759295737,0.9095029478955516
0.46780093669138423,0.46514863446374444,-0.30608152759295737,0.9095029478955516
-0.33273352000786016,-0.2777835905671675,-0.30608152759295737,-0.9604130977777536
-0.7177233732296342,-1.064417711188133,-0.30608152759295737,-0.02545507494110098
0.34642219130063046,-0.08112506041192609,-0.30608152759295737,-0.9604130977777536
-0.45800799605621517,-0.20130527328457362,-0.30608152759295737,0.9095029478955516
1.949706324092657,1.6450998153951928,-0.30608152759295737,-0.02545507494110098
-0.555935970625722,-0.2559326427721407,-0.30608152759295737,0.9095029478955516
-0.5557831968744436,-0.5399949641074894,-0.30608152759295737,-0.9604130977777536
0.0736446583929013,0.3449684215910969,-0.30608152759295737,-0.9604130977777536
0.4830783118192324,1.066049698826982,2.310049264852508,0.9095029478955516
-0.3877320704681136,-0.03742316482187245,-0.30608152759295737,0.9095029478955516
-1.04618693847837,-1.3157036108309415,-0.30608152759295737,-0.9604130977777536
0.6327965880721445,-0.5946223335950565,-0.30608152759295737,-0.02545507494110098
0.4219688113078397,-0.397963803439815,-0.30608152759295737,-0.9604130977777536
-0.4335641958516581,0.4432976866687176,-0.30608152759295737,-0.9604130977777536
0.20197460946682597,0.399595791078664,-0.30608152759295737,-0.9604130977777536
0.14667051150401558,1.9073111889355148,-0.30608152759295737,0.9095029478955516
-0.1891261938060873,0.6639922593984885,2.310049264852508,-0.9604130977777536
1.5815215835115162,1.2080808594946564,-0.30608152759295737,0.9095029478955516
1.1400054423167039,0.880316642569254,3.6181146610752415,0.9095029478955516
0.46780093669138423,1.5139941286250318,-0.30608152759295737,0.9095029478955516
1.0938677694306025,0.4979250561562847,-0.30608152759295737,0.9095029478955516
-0.1281694670459731,-1.1627469762657539,-0.30608152759295737,0.9095029478955516
-0.026843804248032857,0.7273600080040663,-0.30608152759295737,0.9095029478955516
-0.7293036235765431,-0.12591950339173108,-0.30608152759295737,0.9095029478955516
-0.051629817655453734,0.825689273081687,-0.30608152759295737,0.9095029478955516
-0.4337169696029366,-1.545138562678723,-0.30608152759295737,0.9095029478955516
0.9439356099259004,-0.059274112616899265,-0.30608152759295737,-0.02545507494110098
-0.5206452340803928,-0.8240572854428381,-0.30608152759295737,-0.9604130977777536
-0.06079624273216264,-0.4307402251323552,-0.30608152759295737,-0.9604130977777536
0.14086510895543328,-0.4853675946199223,-0.30608152759295737,-0.9604130977777536
-0.8096931714992802,-0.8459082332378649,2.310049264852508,-0.9604130977777536
-0.8979963997382426,-0.6711006508776503,-0.30608152759295737,-0.9604130977777536
-0.8002211989200143,-0.2887090644646809,-0.30608152759295737,0.9095029478955516
-0.14329406842254278,1.437515811342438,-0.30608152759295737,0.9095029478955516
0.37613668592429517,2.3224791970410243,-0.30608152759295737,1.8444609707322042
-0.7687498061566471,-1.381256454216022,-0.30608152759295737,-0.9604130977777536
-0.045518867604314464,-0.529069490209976,-0.30608152759295737,-0.9604130977777536
-0.16765231532638392,-0.9059983396741886,-0.30608152759295737,0.9095029478955516
-0.6627248227693807,-0.3651873817472748,-0.30608152759295737,-0.9604130977777536
0.7855703393506263,0.09368252194828848,-0.30608152759295737,-0.02545507494110098
-0.5741160470278613,-1.2938526630359146,-0.30608152759295737,-0.9604130977777536
-0.8536920118674829,-1.0534922372906197,-0.30608152759295737,-0.9604130977777536
0.055922903244597415,-0.14667790379700654,-0.30608152759295737,0.9095029478955516
-0.9835497004541924,-1.1736724501632672,-0.30608152759295737,-0.9604130977777536
0.33030456054075064,-1.195523397958294,-0.30608152759295737,-0.9604130977777536
-0.3266225699567209,-0.769429915955271,-0.30608152759295737,2.7794189935688567
0.7886258143761959,0.6181052690289323,3.6181146610752415,0.9095029478955516
1.4302755697458192,1.787130976062867,-0.30608152759295737,0.9095029478955516
-1.044659200965585,-1.5560640365762366,-0.30608152759295737,-0.9604130977777536
-0.7543890735364698,-0.026497690924359035,-0.30608152759295737,0.9095029478955516
0.11757933378556708,0.1264589436408287,-0.30608152759295737,-0.02545507494110098
1.0177864412939186,1.4702922330349784,-0.30608152759295737,0.9095029478955516
-0.08218456791115009,1.3610374940598442,-0.30608152759295737,0.9095029478955516
0.17447533423669925,0.7273600080040663,-0.30608152759295737,0.9095029478955516
-0.7849438237921661,-0.2777835905671675,-0.30608152759295737,0.9095029478955516
-0.769666448664318,-0.6601751769801368,-0.30608152759295737,-0.9604130977777536
-0.5710605720022917,-1.5014366670886694,-0.30608152759295737,-0.9604130977777536
-0.4916182213374812,-0.7257280203652173,-0.30608152759295737,-0.9604130977777536
0.08892203352074947,0.5197760039513115,-0.30608152759295737,0.9095029478955516
0.9493438007211586,1.306410124572277,-0.30608152759295737,0.9095029478955516
1.6594361966635418,0.23571368261596282,-0.30608152759295737,0.9095029478955516
-0.5221729715931775,-1.3484800325234818,-0.30608152759295737,-0.9604130977777536
-0.08524004293671972,-0.44166569902986863,1.0019838686297755,-0.9604130977777536
-0.476340846209633,-0.9333120244179721,-0.30608152759295737,0.9095029478955516
-0.23801379421520147,0.060906100255748254,-0.30608152759295737,0.9095029478955516
-0.6321700725136844,-0.10297600820695291,-0.30608152759295737,-0.9604130977777536
0.6052973128420178,0.399595791078664,2.310049264852508,0.9095029478955516
-0.23495831918963184,-0.7148025464677039,-0.30608152759295737,-0.9604130977777536
0.4830783118192324,0.4105212649761774,-0.30608152759295737,-0.9604130977777536
0.7427936889926514,2.5956160444788594,-0.30608152759295737,0.9095029478955516
-0.5863379471301399,-0.7257280203652173,-0.30608152759295737,0.9095029478955516
-1.2035439022952061,-1.643467827756344,-0.30608152759295737,-0.9604130977777536
-0.03635244252760556,-0.6273987552875966,-0.30608152759295737,-0.9604130977777536
-0.5893934221557094,-0.7585044420577576,-0.30608152759295737,2.7794189935688567
-0.9224401999427997,-0.8349827593403515,-0.30608152759295737,-0.02545507494110098
-0.6474474476415326,0.09368252194828848,-0.30608152759295737,0.9095029478955516
0.5900199377141696,0.36681936938612375,-0.30608152759295737,-0.02545507494110098
0.009479682855938965,0.060906100255748254,-0.30608152759295737,-0.9604130977777536
-0.9989798493333191,-0.6055478074925698,-0.30608152759295737,-0.9604130977777536
0.3532206232325229,2.202298984168377,-0.30608152759295737,0.9095029478955516
-0.20134809390836586,-1.0753431850856465,-0.30608152759295737,-0.02545507494110098
-1.3196519532668523,-1.4468092976011024,-0.30608152759295737,-0.9604130977777536
-0.7635554986131787,0.3165621894575621,-0.30608152759295737,0.9095029478955516
-0.6871686229739378,-1.0534922372906197,-0.30608152759295737,-0.9604130977777536
-0.2655130694453282,1.1425280161095759,2.310049264852508,0.9095029478955516
2.5149692038230396,2.2787773014509707,3.6181146610752415,0.9095029478955516
-0.25023569431748,-0.07019958651441267,-0.30608152759295737,-0.9604130977777536
-0.41828682072380996,-0.529069490209976,-0.30608152759295737,-0.9604130977777536
-0.6382810225648237,-1.5342130887812098,-0.30608152759295737,-0.9604130977777536
-0.35106637016127795,-0.2887090644646809,-0.30608152759295737,-0.02545507494110098
0.6114082628931571,0.7492109557990931,-0.30608152759295737,0.9095029478955516
-0.23495831918963184,-0.03742316482187245,-0.30608152759295737,-0.9604130977777536
0.8190277908806137,1.2627082289822233,-0.30608152759295737,0.9095029478955516
0.2368070247583198,-0.03742316482187245,-0.30608152759295737,-0.02545507494110098
0.6737399534147777,0.3340429476935835,1.0019838686297755,-0.9604130977777536
-0.021075067399757386,0.43237221277120425,-0.30608152759295737,0.9095029478955516
1.0361192914473363,0.42144673887369083,3.6181146610752415,-0.02545507494110098
0.8283469897086011,1.3610374940598442,3.6181146610752415,-0.9604130977777536
-0.9407730500962175,-0.529069490209976,-0.30608152759295737,-0.02545507494110098
-0.7119179706810519,0.13738441753834213,-0.30608152759295737,0.9095029478955516
-0.28079044457317637,0.19201178702590918,-0.30608152759295737,-0.9604130977777536
0.01711837041986305,-0.5181440163124625,-0.30608152759295737,2.7794189935688567
-0.4337169696029366,-1.545138562678723,-0.30608152759295737,0.9095029478955516
-0.07912909288558045,0.46514863446374444,-0.30608152759295737,0.9095029478955516
-0.8918854496871034,-1.2479656726663584,-0.30608152759295737,0.9095029478955516
-0.2044035689339355,-0.5399949641074894,-0.30608152759295737,0.9095029478955516
-0.3877320704681136,0.46514863446374444,-0.30608152759295737,0.9095029478955516
0.009479682855938965,-0.9660884461105124,-0.30608152759295737,0.9095029478955516
-0.647600221392811,0.3624491798271184,-0.30608152759295737,0.9095029478955516
2.3927502028002543,1.1753044378021162,-0.30608152759295737,-0.9604130977777536
0.7397382139670817,1.9947149801156219,-0.30608152759295737,-0.02545507494110098
0.21037716578714247,0.060906100255748254,-0.30608152759295737,0.9095029478955516
0.11031035869973692,1.1097515944170357,2.310049264852508,-0.9604130977777536
2.881626206891396,2.0821187712957294,-0.30608152759295737,0.9095029478955516
-0.12496121826912497,-0.16852885159203337,3.6181146610752415,-0.9604130977777536
-0.23419445043323942,-0.20130527328457362,-0.30608152759295737,-0.02545507494110098
5.219064601452167,2.9889331047893424,1.0019838686297755,-0.02545507494110098
1.6899909469192382,1.0267179927959338,2.310049264852508,3.7143770164055097
-0.693279573025077,-1.2610762413433745,-0.30608152759295737,-0.9604130977777536
1.0941733169331593,0.36681936938612375,-0.30608152759295737,-0.9604130977777536
0.7565433266077147,0.9677204337493613,-0.30608152759295737,0.9095029478955516
0.4173855987694852,0.36681936938612375,2.310049264852508,-0.9604130977777536
-0.6092540098219121,-0.048348638719385856,-0.30608152759295737,-0.9604130977777536
0.971954315910374,2.005640454013135,-0.30608152759295737,0.9095029478955516
-0.7207788482552038,0.399595791078664,-0.30608152759295737,0.9095029478955516
0.1164213087508762,-0.07019958651441267,-0.30608152759295737,0.9095029478955516
-0.41828682072380996,-0.8677591810328916,-0.30608152759295737,-0.9604130977777536
-0.09746194303899826,-0.5727713858000296,-0.30608152759295737,-0.9604130977777536
-1.1271570266559652,-1.4249583498060756,-0.30608152759295737,-0.9604130977777536
-1.0141044507098889,-1.009790341700566,-0.30608152759295737,-0.9604130977777536
-0.2960678197010245,-1.1736724501632672,-0.30608152759295737,-0.9604130977777536
0.13169868387872435,-0.23408169497711384,-0.30608152759295737,1.8444609707322042
-0.4916182213374812,-0.35426190784976136,-0.30608152759295737,-0.9604130977777536
1.0636185666774631,-0.07019958651441267,-0.30608152759295737,-0.9604130977777536
-0.9377175750706479,-0.3105600122597077,-0.30608152759295737,-0.9604130977777536
-0.1891261938060873,-0.955162972212999,2.310049264852508,2.7794189935688567
0.10114393362302801,-0.6711006508776503,-0.30608152759295737,-0.02545507494110098
-0.5863379471301399,0.19201178702590918,-0.30608152759295737,-0.02545507494110098
-0.8643861744569766,-0.6929515986726771,-0.30608152759295737,0.9095029478955516
0.17447533423669925,0.7601364296966066,-0.30608152759295737,-0.9604130977777536
-1.0141044507098889,-1.0862686589831598,-0.30608152759295737,-0.9604130977777536
1.9619282241949356,1.1753044378021162,1.0019838686297755,-0.02545507494110098
0.009479682855938965,-0.6711006508776503,-0.30608152759295737,-0.02545507494110098
-0.7391269757837494,-0.16852885159203337,-0.30608152759295737,0.9095029478955516
-0.3113451948288727,-0.9988648678030526,-0.30608152759295737,-0.02545507494110098
0.48002283679366275,1.2627082289822233,-0.30608152759295737,0.9095029478955516
0.7733484392483477,0.3231174737960701,1.0019838686297755,-0.9604130977777536
-0.2960678197010245,0.36681936938612375,-0.30608152759295737,-0.02545507494110098
-0.4397057006530531,-1.0316412894955929,-0.30608152759295737,-0.9604130977777536
0.5014111619726502,-0.24500716887462726,-0.30608152759295737,-0.9604130977777536
-0.5466167717977346,-0.5170514689227111,-0.30608152759295737,0.9095029478955516
0.9413995656546776,0.006278730768181197,-0.30608152759295737,0.9095029478955516
0.2386403097736616,-0.7585044420577576,-0.30608152759295737,-0.02545507494110098
2.09636912532,3.939449333873009,4.926180057297974,0.9095029478955516
-0.6382810225648237,-0.23408169497711384,-0.30608152759295737,-0.9604130977777536
0.6144637379187267,-0.015572217026845624,-0.30608152759295737,-0.9604130977777536
-0.28690139462431563,-0.5399949641074894,-0.30608152759295737,-0.9604130977777536
-0.17384881867823915,0.37774484328363717,-0.30608152759295737,0.9095029478955516
-0.15872421730166944,0.5634778995413652,-0.30608152759295737,-0.9604130977777536
-0.13259990583304906,0.9458694859543345,-0.30608152759295737,0.9095029478955516
-0.033296967502035923,-0.004646743129332213,-0.30608152759295737,0.9095029478955516
0.3914140610521433,-0.08112506041192609,3.6181146610752415,-0.9604130977777536
-0.7085569481529252,-0.2668581166696541,-0.30608152759295737,-0.9604130977777536
0.8955674402711331,0.7273600080040663,4.926180057297974,0.9095029478955516
3.501887637082032,0.9567949598518479,-0.30608152759295737,0.9095029478955516
-0.14329406842254278,0.017204204665694608,-0.30608152759295737,0.9095029478955516
-0.14329406842254278,-0.38813087693205295,-0.30608152759295737,-0.9604130977777536
-0.3113451948288727,-0.45259117292738205,-0.30608152759295737,-0.02545507494110098
-0.8002211989200143,-1.861977305706612,-0.30608152759295737,-0.9604130977777536
1.6136040712799973,1.25178275508471,-0.30608152759295737,0.9095029478955516
1.5051347078722752,0.26849010430850306,-0.30608152759295737,0.9095029478955516
-0.8979963997382426,-0.3870383295423016,-0.30608152759295737,0.9095029478955516
-0.7574445485620395,0.09368252194828848,-0.30608152759295737,-0.9604130977777536
0.058367283265053124,-0.45259117292738205,-0.30608152759295737,0.9095029478955516
0.35016514820695327,0.639956216823959,-0.30608152759295737,-0.9604130977777536
0.360859310796447,0.23571368261596282,-0.30608152759295737,0.9095029478955516
-0.5252284466187471,-0.9879393939055392,-0.30608152759295737,-0.9604130977777536
-0.5864907208814183,-1.1627469762657539,-0.30608152759295737,-0.9604130977777536
-0.9743832753774835,-1.326629084728455,-0.30608152759295737,-0.9604130977777536
0.05531180823948349,-0.2668581166696541,-0.30608152759295737,-0.02545507494110098
0.15919795910885107,-0.2777835905671675,-0.30608152759295737,0.9095029478955516
0.17753080926226888,-0.7038770725701905,-0.30608152759295737,0.9095029478955516
-0.693279573025077,-0.2668581166696541,-0.30608152759295737,0.9095029478955516
-0.34189994508456906,-0.2559326427721407,-0.30608152759295737,-0.9604130977777536
-0.3113451948288727,-0.6164732813900832,-0.30608152759295737,-0.9604130977777536
-0.7009182605890012,-1.1518215023682403,-0.30608152759295737,0.9095029478955516
2.133034825626835,2.497286779401239,-0.30608152759295737,0.9095029478955516
-0.7391116984086216,-0.7148025464677039,-0.30608152759295737,0.9095029478955516
0.4219688113078397,0.48699958225877127,-0.30608152759295737,1.8444609707322042
-0.6268229912189375,-1.0425667633931062,-0.30608152759295737,0.9095029478955516
0.8573740024515126,0.213862734820936,-0.30608152759295737,0.9095029478955516
0.1439205839810029,0.3449684215910969,-0.30608152759295737,0.9095029478955516
0.9811207409870829,2.18044803637335,-0.30608152759295737,0.9095029478955516
-1.0141044507098889,-0.7475789681602442,-0.30608152759295737,-0.9604130977777536
-1.0259138616837153,-0.8568337071353782,-0.30608152759295737,-0.9604130977777536
1.7816551976863273,0.9677204337493613,-0.30608152759295737,0.9095029478955516
-0.7849438237921661,-0.3105600122597077,-0.30608152759295737,-0.9604130977777536
-0.952994950198496,-1.3047781369334281,-0.30608152759295737,-0.9604130977777536
0.9261221905268294,2.125820666885783,-0.30608152759295737,0.9095029478955516
-0.5863379471301399,-0.33241096005473453,-0.30608152759295737,-0.9604130977777536
-0.726889798306343,-0.9223865505204587,-0.30608152759295737,-0.02545507494110098
-0.5252284466187471,-1.3375545586259683,-0.30608152759295737,-0.9604130977777536
0.8191805646318923,-0.15760337769451996,2.310049264852508,-0.9604130977777536
-0.3113451948288727,-0.12482695600197974,-0.30608152759295737,-0.9604130977777536
1.491385070257212,0.6836581124140126,-0.30608152759295737,0.9095029478955516
0.712238938736955,1.1097515944170357,1.0019838686297755,-0.9604130977777536
2.4233049530559505,2.267851827553457,-0.30608152759295737,1.8444609707322042
-0.9377175750706479,-0.24500716887462726,-0.30608152759295737,-0.9604130977777536
-0.1281694670459731,-0.3214854861572211,-0.30608152759295737,-0.02545507494110098
0.24627899733758568,1.306410124572277,-0.30608152759295737,0.9095029478955516
-0.7391116984086216,0.6290307429264456,-0.30608152759295737,-0.9604130977777536
-1.029381825837737,-0.9114610766229453,-0.30608152759295737,-0.9604130977777536
-0.3266225699567209,-0.6820261247751637,-0.30608152759295737,-0.9604130977777536
0.4739118867425235,1.6669507631902196,-0.30608152759295737,-0.02545507494110098
-1.188266527167358,-0.9333120244179721,-0.30608152759295737,-0.02545507494110098
-0.26856854447089784,0.5525524256438518,-0.30608152759295737,0.9095029478955516
-0.6016153222579881,-0.35426190784976136,-0.30608152759295737,-0.9604130977777536
0.13169868387872435,-0.2777835905671675,-0.30608152759295737,-0.02545507494110098
-0.4946736963630508,0.454223160566231,-0.30608152759295737,0.9095029478955516
-0.8900521646717616,-0.212230747182087,-0.30608152759295737,-0.9604130977777536
1.0636185666774631,0.7055090602090395,-0.30608152759295737,0.9095029478955516
-0.5252284466187471,0.1046079958458019,-0.30608152759295737,0.9095029478955516
-0.526756184131532,-0.5181440163124625,-0.30608152759295737,-0.9604130977777536
1.0422302414984757,1.6888017109852465,-0.30608152759295737,0.9095029478955516
1.246947068211641,1.7980564499603806,-0.30608152759295737,0.9095029478955516
0.22336293464581342,0.24663915651347623,-0.30608152759295737,-0.9604130977777536
-0.7238343232807735,-0.9988648678030526,-0.30608152759295737,-0.9604130977777536
0.14697605900657254,-0.12482695600197974,-0.30608152759295737,0.9095029478955516
-0.17384881867823915,-0.5946223335950565,-0.30608152759295737,0.9095029478955516
-0.9988270755820405,-1.545138562678723,-0.30608152759295737,-0.9604130977777536
-0.34189994508456906,-0.23408169497711384,-0.30608152759295737,-0.02545507494110098
-0.6630303702719377,-0.2668581166696541,-0.30608152759295737,0.9095029478955516
0.9410940181521207,0.17016083923088235,-0.30608152759295737,0.9095029478955516
1.323333943850882,1.066049698826982,2.310049264852508,-0.9604130977777536
1.1247280671888558,0.24663915651347623,-0.30608152759295737,0.9095029478955516
-0.2503884680687585,-0.2996345383621943,2.310049264852508,-0.9604130977777536
-0.6627248227693807,-0.059274112616899265,-0.30608152759295737,0.9095029478955516
-0.08829551796228935,-0.11390148210446632,-0.30608152759295737,-0.9604130977777536
-0.2044035689339355,-0.5946223335950565,-0.30608152759295737,-0.9604130977777536
-0.37551017036583506,0.6181052690289323,-0.30608152759295737,0.9095029478955516
0.6664068133534105,0.3231174737960701,4.926180057297974,-0.9604130977777536
1.7663778225584792,0.454223160566231,3.6181146610752415,0.9095029478955516
-1.2615979277810292,-1.064417711188133,-0.30608152759295737,-0.9604130977777536
0.5594651874584733,1.1862299116996295,-0.30608152759295737,-0.9604130977777536
0.1164213087508762,-0.0920505343094395,-0.30608152759295737,0.9095029478955516
-0.47939632123520265,-0.22315622107960043,-0.30608152759295737,-0.9604130977777536
-0.8460533243035588,-0.24500716887462726,-0.30608152759295737,-0.9604130977777536
3.6454949632838045,2.3880320404261046,4.926180057297974,-0.02545507494110098
-0.6474474476415326,-1.1518215023682403,-0.30608152759295737,0.9095029478955516
0.37613668592429517,0.7273600080040663,-0.30608152759295737,0.9095029478955516
0.7855703393506263,0.8038383252866602,-0.30608152759295737,0.9095029478955516
0.1439205839810029,0.13738441753834213,-0.30608152759295737,-0.9604130977777536
3.5232759622610192,1.1425280161095759,2.310049264852508,0.9095029478955516
-0.01190864232304848,-0.7257280203652173,-0.30608152759295737,-0.9604130977777536
-0.0360468950250486,-0.63832422918511,-0.30608152759295737,-0.02545507494110098
0.5396045997922706,0.8584656947742273,-0.30608152759295737,0.9095029478955516
-0.7421671734341913,-1.0316412894955929,-0.30608152759295737,-0.9604130977777536
0.04308990813720495,-0.529069490209976,-0.30608152759295737,-0.9604130977777536
-1.1332679767071046,-0.6601751769801368,-0.30608152759295737,-0.9604130977777536
-0.00579769227190921,1.623248867600166,-0.30608152759295737,0.9095029478955516
-0.8918854496871034,-0.7912808637502978,-0.30608152759295737,0.9095029478955516
0.7733484392483477,1.1753044378021162,-0.30608152759295737,0.9095029478955516
0.10114393362302801,-0.8087616219863193,-0.30608152759295737,0.9095029478955516
-0.49620143387583565,-0.7803553898527844,-0.30608152759295737,0.9095029478955516
-0.47939632123520265,-0.08112506041192609,-0.30608152759295737,0.9095029478955516
-0.38620433295532874,-0.40888927733732844,-0.30608152759295737,0.9095029478955516
-0.44120288341558217,-0.6711006508776503,-0.30608152759295737,-0.9604130977777536
-0.03635244252760556,-0.212230747182087,-0.30608152759295737,0.9095029478955516
1.0422302414984757,0.9130930642617943,-0.30608152759295737,0.9095029478955516
0.9413995656546776,0.8693911686717406,-0.30608152759295737,-0.9604130977777536
-0.13794087617774478,-0.15760337769451996,-0.30608152759295737,-0.9604130977777536
-0.6474474476415326,-0.7585044420577576,-0.30608152759295737,-0.9604130977777536
0.5900199377141696,0.35589389548861033,2.310049264852508,0.9095029478955516
-0.051629817655453734,0.25756463041098965,-0.30608152759295737,0.9095029478955516
-0.8309287229269892,-0.2559326427721407,-0.30608152759295737,0.9095029478955516
0.33030456054075064,0.017204204665694608,-0.30608152759295737,-0.9604130977777536
-0.0653794552705171,-0.24500716887462726,-0.30608152759295737,-0.9604130977777536
0.33794324810467474,0.6290307429264456,-0.30608152759295737,0.9095029478955516
-0.1096838431412768,0.3340429476935835,-0.30608152759295737,-0.9604130977777536
-0.38467659544254396,-1.1081196067781867,-0.30608152759295737,-0.9604130977777536
-0.12801669329469462,0.17016083923088235,-0.30608152759295737,-0.9604130977777536
-0.25023569431748,-0.6273987552875966,-0.30608152759295737,-0.9604130977777536
-0.5220965847175383,-0.6492497030826234,-0.30608152759295737,-0.9604130977777536
0.10419940864859766,0.3449684215910969,-0.30608152759295737,0.9095029478955516
-0.5756437845406461,-0.397963803439815,-0.30608152759295737,0.9095029478955516
3.6454949632838045,1.0004968554419016,3.6181146610752415,0.9095029478955516
-1.096602276400269,-1.1518215023682403,-0.30608152759295737,-0.9604130977777536
0.6758818414077019,-0.14667790379700654,-0.30608152759295737,-0.9604130977777536
-0.25023569431748,-1.1299705545732135,-0.30608152759295737,-0.9604130977777536
0.8650126900154368,-0.2559326427721407,-0.30608152759295737,-0.02545507494110098
-0.8460533243035588,-1.2282998196508341,-0.30608152759295737,-0.9604130977777536
-0.7543890735364698,-0.3870383295423016,-0.30608152759295737,-0.9604130977777536
-0.3785656453914047,0.25756463041098965,2.310049264852508,-0.9604130977777536
0.03697895808606568,1.3719629679573575,-0.30608152759295737,0.9095029478955516
-0.022602804912542202,-0.46351664682489546,-0.30608152759295737,0.9095029478955516
0.452523561563536,-0.5727713858000296,-0.30608152759295737,-0.9604130977777536
-0.03635244252760556,-0.08112506041192609,-0.30608152759295737,0.9095029478955516
-0.5643813035963965,-0.9988648678030526,-0.30608152759295737,0.9095029478955516
-0.7391116984086216,-0.20130527328457362,-0.30608152759295737,-0.9604130977777536
-0.726889798306343,-0.34333643395224794,-0.30608152759295737,-0.9604130977777536
-0.47939632123520265,-0.4744421207224089,-0.30608152759295737,-0.9604130977777536
-0.3877320704681136,-0.35426190784976136,-0.30608152759295737,-0.9604130977777536
1.2866682435440464,1.2627082289822233,-0.30608152759295737,0.9095029478955516
0.7657097516844237,2.366181092631078,-0.30608152759295737,0.9095029478955516
-0.7109646624730741,-1.064417711188133,-0.30608152759295737,-0.9604130977777536
-0.9377175750706479,-1.3594055064209951,-0.30608152759295737,0.9095029478955516
0.38224763597543443,-0.44166569902986863,-0.30608152759295737,0.9095029478955516
-0.21968094406178365,-0.6711006508776503,-0.30608152759295737,-0.9604130977777536
-0.509951071490899,-0.9660884461105124,-0.30608152759295737,-0.9604130977777536
-0.40300944559596175,-0.5946223335950565,-0.30608152759295737,-0.9604130977777536
0.0736446583929013,0.04998062635823484,-0.30608152759295737,0.9095029478955516
0.4219688113078397,0.4105212649761774,-0.30608152759295737,0.9095029478955516
-0.6413364975903932,-1.2720017152408878,-0.30608152759295737,-0.9604130977777536
1.1002842669842987,0.9895713815443882,-0.30608152759295737,0.9095029478955516
-0.12801669329469462,-0.63832422918511,-0.30608152759295737,-0.9604130977777536
-0.2960678197010245,-0.2559326427721407,3.6181146610752415,-0.02545507494110098
0.8650126900154368,0.7492109557990931,-0.30608152759295737,-0.9604130977777536
1.6899909469192382,1.5358450764200586,-0.30608152759295737,0.9095029478955516
-0.8093876239967233,-1.1190450806757002,-0.30608152759295737,-0.9604130977777536
0.009479682855938965,-0.20130527328457362,2.310049264852508,-0.9604130977777536
-0.3266225699567209,0.19201178702590918,-0.30608152759295737,0.9095029478955516
0.293638860233915,-0.015572217026845624,-0.30608152759295737,0.9095029478955516
-0.3785656453914047,-0.9879393939055392,-0.30608152759295737,-0.9604130977777536
-0.13107216832026425,-0.40888927733732844,-0.30608152759295737,-0.9604130977777536
-1.1974329522440668,-0.9770139200080258,-0.30608152759295737,-0.9604130977777536
0.666254039602132,1.066049698826982,-0.30608152759295737,0.9095029478955516
-0.35106637016127795,-0.3214854861572211,-0.30608152759295737,-0.9604130977777536
0.27683374759328205,0.5634778995413652,-0.30608152759295737,0.9095029478955516
0.360859310796447,-0.3105600122597077,-0.30608152759295737,-0.9604130977777536
0.9780652659615132,1.1643789639046027,-0.30608152759295737,0.9095029478955516
-0.05468529268102337,-1.0971941328806734,-0.30608152759295737,-0.02545507494110098
-0.21968094406178365,-0.397963803439815,-0.30608152759295737,-0.9604130977777536
-0.47939632123520265,-0.583696859697543,-0.30608152759295737,0.9095029478955516
0.10114393362302801,-0.004646743129332213,-0.30608152759295737,0.9095029478955516
-0.9835497004541924,0.1264589436408287,-0.30608152759295737,-0.9604130977777536
-0.25023569431748,-1.3484800325234818,-0.30608152759295737,-0.9604130977777536
3.5767467752084876,0.8912421164667674,3.6181146610752415,2.7794189935688567
-1.121046076604826,-0.9879393939055392,-0.30608152759295737,-0.9604130977777536
-0.23495831918963184,0.5962543212339054,-0.30608152759295737,-0.9604130977777536
0.03086800803492641,-1.0971941328806734,-0.30608152759295737,-0.9604130977777536
0.07058918336733166,1.0988261205195222,-0.30608152759295737,0.9095029478955516
-0.07301814283444118,-0.4198147512348418,-0.30608152759295737,-0.9604130977777536
1.0940205431818808,1.2736337028797369,1.0019838686297755,0.9095029478955516
-0.5160620215420383,-0.3870383295423016,-0.30608152759295737,-0.02545507494110098
-0.47939632123520265,0.9130930642617943,-0.30608152759295737,0.9095029478955516
-0.9071628248149516,-1.009790341700566,-0.30608152759295737,-0.9604130977777536
-0.509951071490899,0.3012665260010433,-0.30608152759295737,0.9095029478955516
0.48261999056539695,0.6181052690289323,-0.30608152759295737,0.9095029478955516
-0.28079044457317637,1.5576960242150855,-0.30608152759295737,-0.9604130977777536
-0.2655130694453282,-0.8896101288279185,-0.30608152759295737,-0.02545507494110098
0.33030456054075064,0.5307014778488249,-0.30608152759295737,2.7794189935688567
-0.5007846464141901,0.6945835863115261,-0.30608152759295737,-0.9604130977777536
-0.9835497004541924,-0.7803553898527844,-0.30608152759295737,-0.9604130977777536
-0.7834160862793813,-0.1794543254895468,-0.30608152759295737,-0.9604130977777536
-0.6168926973858362,-0.9966797730235499,-0.30608152759295737,2.7794189935688567
1.1583382924701218,0.1046079958458019,-0.30608152759295737,-0.9604130977777536
-0.509951071490899,-0.0920505343094395,-0.30608152759295737,-0.02545507494110098
1.3966653444645531,0.7382854819015797,-0.30608152759295737,0.9095029478955516
-0.6321700725136844,-0.0920505343094395,-0.30608152759295737,-0.9604130977777536
4.210757843014187,1.0332732771344417,3.6181146610752415,-0.9604130977777536
-0.47939632123520265,-1.4140328759085623,3.6181146610752415,-0.9604130977777536
0.9413995656546776,2.202298984168377,-0.30608152759295737,0.9095029478955516
-0.3449554201101387,0.23571368261596282,-0.30608152759295737,0.9095029478955516
-0.05483806643230185,-0.769429915955271,-0.30608152759295737,2.7794189935688567
0.7849592443455123,0.5962543212339054,-0.30608152759295737,-0.9604130977777536
-0.7879992988177358,-0.2668581166696541,-0.30608152759295737,0.9095029478955516
0.9501993337283182,1.4484412852399515,-0.30608152759295737,0.9095029478955516
-0.6780021978972289,-1.009790341700566,-0.30608152759295737,2.7794189935688567
0.6358367857225863,1.4265903374449247,-0.30608152759295737,0.9095029478955516
-0.22426415660013813,-0.8459082332378649,-0.30608152759295737,0.9095029478955516
-0.15093275598646688,0.48699958225877127,-0.30608152759295737,0.9095029478955516
0.43724618643568786,0.7819873774916334,-0.30608152759295737,2.7794189935688567
0.0019173821676541183,0.5744033734388786,-0.30608152759295737,0.9095029478955516
-0.3266225699567209,-0.15760337769451996,-0.30608152759295737,2.7794189935688567
-0.9163292498916604,-0.9223865505204587,-0.30608152759295737,-0.02545507494110098
-0.6627248227693807,0.5307014778488249,-0.30608152759295737,0.9095029478955516
0.9038172228401711,0.9677204337493613,-0.30608152759295737,0.9095029478955516
-1.0141044507098889,-1.3047781369334281,-0.30608152759295737,-0.9604130977777536
-1.0828526387852055,-1.0316412894955929,-0.30608152759295737,-0.9604130977777536
0.05531180823948349,-0.45259117292738205,-0.30608152759295737,-0.02545507494110098
-0.8246649991245714,-0.8131318115453247,-0.30608152759295737,-0.9604130977777536
-0.9377175750706479,-1.0207158155980793,-0.30608152759295737,-0.9604130977777536
-0.8643861744569766,-0.2777835905671675,-0.30608152759295737,-0.9604130977777536
0.9904674390903004,1.0988261205195222,-0.30608152759295737,0.9095029478955516
-0.21051451898507476,-1.3375545586259683,-0.30608152759295737,-0.9604130977777536
-0.41828682072380996,-0.2668581166696541,-0.30608152759295737,-0.9604130977777536
1.0025090661660703,0.9677204337493613,3.6181146610752415,0.9095029478955516
-0.2044035689339355,0.17016083923088235,1.0019838686297755,-0.9604130977777536
-0.12954443080747943,0.9240185381593077,-0.30608152759295737,0.9095029478955516
-0.476340846209633,-0.5509204380050028,-0.30608152759295737,0.9095029478955516
-0.25634664436861926,-0.6273987552875966,-0.30608152759295737,-0.02545507494110098
0.02475705798378714,0.1264589436408287,-0.30608152759295737,0.9095029478955516
0.1943359219029019,0.77106190359412,-0.30608152759295737,0.9095029478955516
-0.3693992203146958,0.8366147469792005,-0.30608152759295737,0.9095029478955516
-0.01801959237418775,-0.14667790379700654,-0.30608152759295737,0.9095029478955516
-0.9004407797586983,-0.8240572854428381,-0.30608152759295737,-0.9604130977777536
-0.8918854496871034,-1.1321556493527163,-0.30608152759295737,0.9095029478955516
-1.0295345995890155,-0.4198147512348418,-0.30608152759295737,-0.9604130977777536
-0.34189994508456906,-0.4307402251323552,-0.30608152759295737,-0.9604130977777536
-0.8918854496871034,-0.35426190784976136,-0.30608152759295737,0.9095029478955516
-0.861330699431407,-0.7475789681602442,2.310049264852508,-0.9604130977777536
0.015590632907078236,-0.44166569902986863,-0.30608152759295737,-0.02545507494110098
-0.49497924386560777,0.7382854819015797,-0.30608152759295737,0.9095029478955516
0.6007141003036633,0.19201178702590918,-0.30608152759295737,-0.9604130977777536
0.009479682855938965,-0.10297600820695291,-0.30608152759295737,-0.9604130977777536
-0.6107817473346969,-1.512362140986183,-0.30608152759295737,-0.9604130977777536
-1.1363234517326741,-0.22315622107960043,-0.30608152759295737,-0.9604130977777536
0.22641840967138305,0.399595791078664,-0.30608152759295737,0.9095029478955516
0.29974981028505426,-0.8131318115453247,-0.30608152759295737,-0.9604130977777536
-0.6413364975903932,-0.6492497030826234,-0.30608152759295737,-0.9604130977777536
1.4302755697458192,0.3231174737960701,2.310049264852508,0.9095029478955516
-0.4946736963630508,0.02812967856320802,-0.30608152759295737,0.9095029478955516
-0.3877320704681136,-0.5618459119025162,-0.30608152759295737,-0.9604130977777536
1.42416461969468,0.5744033734388786,-0.30608152759295737,0.9095029478955516
0.3883585860265737,0.6290307429264456,-0.30608152759295737,0.9095029478955516
-0.861330699431407,-0.9333120244179721,-0.30608152759295737,-0.9604130977777536
0.9536214657569562,1.120677068314549,-0.30608152759295737,-0.9604130977777536
0.19280818439011707,-0.12482695600197974,-0.30608152759295737,0.9095029478955516
-0.6780021978972289,-1.381256454216022,-0.30608152759295737,-0.02545507494110098
-0.9531477239497745,-0.7803553898527844,-0.30608152759295737,-0.9604130977777536
-0.8766080745592552,-0.46351664682489546,-0.30608152759295737,-0.9604130977777536
1.919151573836961,0.48699958225877127,-0.30608152759295737,0.9095029478955516
-0.19218166883165694,-0.9770139200080258,-0.30608152759295737,0.9095029478955516
2.01081582460405,2.235075405860917,-0.30608152759295737,0.9095029478955516
-0.2135699940106444,-1.0316412894955929,-0.30608152759295737,2.7794189935688567
-1.0507701510167244,-0.7585044420577576,-0.30608152759295737,-0.9604130977777536
-0.3113451948288727,-0.7366534942627307,-0.30608152759295737,-0.02545507494110098
-0.1096838431412768,0.060906100255748254,-0.30608152759295737,-0.9604130977777536
-0.4870350087991267,0.09368252194828848,-0.30608152759295737,0.9095029478955516
-0.8323036866884955,-0.7038770725701905,-0.30608152759295737,-0.9604130977777536
0.05531180823948349,0.23571368261596282,1.0019838686297755,-0.9604130977777536
0.9108448153989813,1.8963857150380012,-0.30608152759295737,0.9095029478955516
-0.19065393131887212,0.19201178702590918,-0.30608152759295737,0.9095029478955516
-0.42745324580051886,-0.7366534942627307,-0.30608152759295737,-0.9604130977777536
0.021701582958217506,-0.8131318115453247,-0.30608152759295737,2.7794189935688567
-0.28094321832445485,0.37774484328363717,-0.30608152759295737,0.9095029478955516
-0.14940501847368207,-0.10297600820695291,-0.30608152759295737,-0.02545507494110098
-1.2203490149358391,-0.7475789681602442,-0.30608152759295737,-0.9604130977777536
-0.8918854496871034,-1.0534922372906197,-0.30608152759295737,-0.9604130977777536
0.5716870875607518,-0.5946223335950565,-0.30608152759295737,0.9095029478955516
-0.23495831918963184,-0.7585044420577576,-0.30608152759295737,0.9095029478955516
-0.23495831918963184,-0.6885814091136717,4.926180057297974,0.9095029478955516
-0.8002211989200143,-0.212230747182087,-0.30608152759295737,-0.9604130977777536
0.40669143617999154,0.6727326385164992,3.6181146610752415,-0.9604130977777536
0.3837753734882193,-0.2668581166696541,-0.30608152759295737,-0.9604130977777536
0.8161250896063226,0.5088505300537981,-0.30608152759295737,0.9095029478955516
-0.4335641958516581,0.017204204665694608,-0.30608152759295737,0.9095029478955516
-0.7085569481529252,-0.2777835905671675,-0.30608152759295737,-0.02545507494110098
-0.3266225699567209,-0.9770139200080258,-0.30608152759295737,-0.9604130977777536
-0.23205561791534068,0.23571368261596282,-0.30608152759295737,0.9095029478955516
3.0435663832465867,0.825689273081687,2.310049264852508,-0.9604130977777536
-0.8827190246103944,-1.3594055064209951,-0.30608152759295737,-0.9604130977777536
-0.6474474476415326,1.0004968554419016,-0.30608152759295737,0.9095029478955516
0.03697895808606568,-1.0971941328806734,-0.30608152759295737,-0.02545507494110098
-0.5863379471301399,-0.8131318115453247,-0.30608152759295737,2.7794189935688567
-0.7543921290114953,-0.5072185424149491,-0.30608152759295737,0.9095029478955516
1.9649867546955309,0.4105212649761774,-0.30608152759295737,0.9095029478955516
0.6419630131488534,0.8912421164667674,-0.30608152759295737,0.9095029478955516
-0.27773496954760674,-0.4962930685174357,-0.30608152759295737,0.9095029478955516
0.5594651874584733,0.5525524256438518,-0.30608152759295737,0.9095029478955516
-0.6016153222579881,0.13738441753834213,-0.30608152759295737,-0.9604130977777536
-1.0263263508121674,-0.878684654930405,-0.30608152759295737,-0.9604130977777536
4.537693670750138,2.158597088578323,3.6181146610752415,-0.02545507494110098
5.906546482205335,2.420808462118645,3.6181146610752415,0.9095029478955516
3.6241066381048173,1.7215781326777868,-0.30608152759295737,-0.9604130977777536
0.1164213087508762,0.6290307429264456,-0.30608152759295737,-0.9604130977777536
-0.34189994508456906,-1.250150767445861,-0.30608152759295737,-0.9604130977777536
0.5441878123306251,0.5744033734388786,-0.30608152759295737,0.9095029478955516
0.8619572149898671,1.6888017109852465,1.0019838686297755,0.9095029478955516
1.2041704178536663,0.9130930642617943,2.310049264852508,-0.9604130977777536
-0.021075067399757386,1.0332732771344417,-0.30608152759295737,0.9095029478955516
-0.7794439687461407,-0.7770777476835303,-0.30608152759295737,0.9095029478955516
-0.5863379471301399,-0.9442374983154855,-0.30608152759295737,2.7794189935688567
-0.6016153222579881,-0.4853675946199223,-0.30608152759295737,0.9095029478955516
-0.3266225699567209,-0.9770139200080258,-0.30608152759295737,0.9095029478955516
3.09550945868127,2.442659409913672,3.6181146610752415,0.9095029478955516
2.3927502028002543,2.508212253298752,-0.30608152759295737,0.9095029478955516
-0.24718021929191036,0.7055090602090395,-0.30608152759295737,0.9095029478955516
0.6969615636091069,0.8584656947742273,-0.30608152759295737,0.9095029478955516
2.5730232293088626,2.366181092631078,3.6181146610752415,-0.9604130977777536
-0.6474474476415326,-0.5727713858000296,-0.30608152759295737,0.9095029478955516
-0.6703635103333048,-0.33241096005473453,-0.30608152759295737,0.9095029478955516
3.233005834831904,4.289064498593438,3.6181146610752415,0.9095029478955516
-0.2044035689339355,-0.46351664682489546,-0.30608152759295737,-0.9604130977777536
-0.8910451940550718,-1.457734771498616,-0.30608152759295737,-0.9604130977777536
-0.8170263115606473,-0.44166569902986863,-0.30608152759295737,-0.9604130977777536
-0.7850965975434446,-1.2392252935483477,-0.30608152759295737,-0.9604130977777536
-0.8462060980548373,-0.3870383295423016,-0.30608152759295737,-0.9604130977777536
-0.9163292498916604,-0.9442374983154855,-0.30608152759295737,-0.9604130977777536
1.1338944922655647,1.6560252892927063,-0.30608152759295737,0.9095029478955516
0.04003443311163531,-0.0920505343094395,-0.30608152759295737,-0.9604130977777536
0.5166885371004983,-0.15760337769451996,-0.30608152759295737,-0.9604130977777536
-0.4228700332621644,1.6123233937026527,-0.30608152759295737,-0.9604130977777536
1.323333943850882,2.344330144836051,-0.30608152759295737,-0.9604130977777536
-0.8803388095654757,-0.10297600820695291,-0.30608152759295737,-0.02545507494110098
-0.4812296062505444,-0.4755346681121602,-0.30608152759295737,2.7794189935688567
0.3180826604384721,0.8147637991841736,-0.30608152759295737,-0.9604130977777536
-0.3877320704681136,-0.9333120244179721,-0.30608152759295737,-0.9604130977777536
0.678628713455689,0.7273600080040663,-0.30608152759295737,0.9095029478955516
-0.10662836811570717,1.885460241140488,2.310049264852508,0.9095029478955516
0.011007420368723783,-0.6164732813900832,-0.30608152759295737,-0.02545507494110098
-0.28079044457317637,-1.0316412894955929,-0.30608152759295737,-0.9604130977777536
-0.8491087993291284,-0.33241096005473453,-0.30608152759295737,-0.9604130977777536
0.33030456054075064,-0.9442374983154855,-0.30608152759295737,-0.02545507494110098
-0.5405058217465953,0.5634778995413652,-0.30608152759295737,0.9095029478955516
-0.6059968734446549,-1.1190450806757002,-0.30608152759295737,-0.9604130977777536
-0.509951071490899,-0.1903797993870602,-0.30608152759295737,0.9095029478955516
-0.7543890735364698,-0.8131318115453247,-0.30608152759295737,-0.9604130977777536
-0.6627248227693807,0.08275704805077508,-0.30608152759295737,-0.9604130977777536
-0.8460533243035588,-0.08112506041192609,-0.30608152759295737,-0.9604130977777536
0.06142275829062276,0.7328227449528231,-0.30608152759295737,0.9095029478955516
-0.00579769227190921,-0.08112506041192609,-0.30608152759295737,0.9095029478955516
-0.8003739726712928,0.02812967856320802,-0.30608152759295737,-0.9604130977777536
-0.00579769227190921,-0.16852885159203337,-0.30608152759295737,-0.9604130977777536
-0.7085569481529252,0.585328847336392,-0.30608152759295737,-0.9604130977777536
-1.0752139512212815,-1.5342130887812098,-0.30608152759295737,-0.9604130977777536
-0.3113451948288727,0.3121919998985567,-0.30608152759295737,0.9095029478955516
2.6219108297179767,-0.11390148210446632,3.6181146610752415,-0.02545507494110098
-0.952994950198496,-1.140896028470727,-0.30608152759295737,-0.9604130977777536
-0.2655130694453282,-1.0316412894955929,-0.30608152759295737,-0.9604130977777536
-1.121046076604826,-1.5997659321662903,-0.30608152759295737,-0.9604130977777536
0.33030456054075064,0.8693911686717406,-0.30608152759295737,-0.9604130977777536
-1.0675752636573574,-1.140896028470727,-0.30608152759295737,-0.02545507494110098
-0.9225929736940782,-0.4962930685174357,-0.30608152759295737,-0.9604130977777536
-1.121046076604826,-0.8240572854428381,-0.30608152759295737,-0.02545507494110098
0.9413995656546776,1.4484412852399515,-0.30608152759295737,-0.9604130977777536
-0.40300944559596175,-0.16852885159203337,-0.30608152759295737,-0.9604130977777536
0.08586655849517984,0.18108631312839576,-0.30608152759295737,0.9095029478955516
-0.22273641908735328,0.1264589436408287,-0.30608152759295737,-0.9604130977777536
0.052256333213913854,-0.9660884461105124,1.0019838686297755,-0.9604130977777536
0.604955099639154,0.3231174737960701,4.926180057297974,0.9095029478955516
0.08113057220554691,1.2408572811871965,-0.30608152759295737,0.9095029478955516
-0.9224401999427997,-1.5888404582687767,-0.30608152759295737,-0.9604130977777536
0.10099115987174953,1.1316025422120626,-0.30608152759295737,0.9095029478955516
-1.1057687014769777,-0.14667790379700654,-0.30608152759295737,0.9095029478955516
1.8885968235812645,2.792274574634101,-0.30608152759295737,0.9095029478955516
-0.7391116984086216,-0.46351664682489546,-0.30608152759295737,0.9095029478955516
0.26919506002935795,0.7459333136298391,-0.30608152759295737,0.9095029478955516
-0.10662836811570717,-0.3870383295423016,-0.30608152759295737,-0.9604130977777536
-0.777305136228242,0.48699958225877127,-0.30608152759295737,-0.9604130977777536
0.44641261151239675,1.4484412852399515,-0.30608152759295737,0.9095029478955516
-0.36023279523798685,-0.4962930685174357,-0.30608152759295737,-0.9604130977777536
-0.4335641958516581,-1.1736724501632672,-0.30608152759295737,-0.02545507494110098
0.2386403097736616,-0.23408169497711384,-0.30608152759295737,0.9095029478955516
-0.7391116984086216,-1.326629084728455,-0.30608152759295737,-0.9604130977777536
0.22336293464581342,0.3886703171811506,-0.30608152759295737,0.9095029478955516
-1.0263263508121674,-0.33241096005473453,-0.30608152759295737,0.9095029478955516
-0.08065683039836527,0.8693911686717406,-0.30608152759295737,0.9095029478955516
0.03697895808606568,-0.2777835905671675,-0.30608152759295737,-0.9604130977777536
0.8650126900154368,1.8417583455504343,-0.30608152759295737,0.9095029478955516
0.9566769407825259,0.07183157415326166,-0.30608152759295737,0.9095029478955516
-0.693279573025077,-0.4307402251323552,-0.30608152759295737,0.9095029478955516
-0.7421671734341913,0.1046079958458019,-0.30608152759295737,-0.9604130977777536
0.33030456054075064,-0.878684654930405,-0.30608152759295737,-0.9604130977777536
-0.23495831918963184,-0.6711006508776503,2.310049264852508,-0.9604130977777536
-0.021075067399757386,-0.004646743129332213,-0.30608152759295737,0.9095029478955516
0.06753370834176203,-0.4744421207224089,-0.30608152759295737,-0.9604130977777536
-0.08218456791115009,-0.8349827593403515,-0.30608152759295737,0.9095029478955516
0.1164213087508762,1.2299318072896832,-0.30608152759295737,0.9095029478955516
-0.7116124231784949,-0.6929515986726771,-0.30608152759295737,0.9095029478955516
-0.015724930629984955,-0.212230747182087,-0.30608152759295737,-0.9604130977777536
-0.3877320704681136,-0.11390148210446632,-0.30608152759295737,0.9095029478955516
-0.8399423742524196,-0.5902521440360511,-0.30608152759295737,0.9095029478955516
0.8497353148875886,1.1425280161095759,-0.30608152759295737,0.9095029478955516
2.621758055966698,1.9073111889355148,-0.30608152759295737,0.9095029478955516
-0.17384881867823915,-0.7585044420577576,-0.30608152759295737,2.7794189935688567
-0.18301524375494804,-0.8131318115453247,-0.30608152759295737,2.7794189935688567
-0.021075067399757386,0.5307014778488249,-0.30608152759295737,0.9095029478955516
0.452523561563536,-0.63832422918511,-0.30608152759295737,2.7794189935688567
0.10419940864859766,-0.20130527328457362,-0.30608152759295737,-0.9604130977777536
-0.49849304014501283,0.03905515246072143,-0.30608152759295737,-0.02545507494110098
-0.8310814966782676,-0.6492497030826234,-0.30608152759295737,-0.02545507494110098
-1.0141044507098889,-0.7475789681602442,-0.30608152759295737,-0.9604130977777536
-0.342205492587126,0.5634778995413652,-0.30608152759295737,0.9095029478955516
3.003845207914181,1.6341743414976795,3.6181146610752415,0.9095029478955516
-0.5557831968744436,0.7929128513891468,-0.30608152759295737,0.9095029478955516
-0.41828682072380996,-0.9442374983154855,-0.30608152759295737,-0.9604130977777536
-0.28079044457317637,-0.5618459119025162,-0.30608152759295737,-0.9604130977777536
0.4922447368959413,-0.8349827593403515,-0.30608152759295737,-0.02545507494110098
0.36391478582201664,0.40615107541717205,-0.30608152759295737,0.9095029478955516
0.1164213087508762,0.03905515246072143,-0.30608152759295737,-0.9604130977777536
-0.23801379421520147,-0.878684654930405,-0.30608152759295737,0.9095029478955516
1.231669693083793,0.454223160566231,-0.30608152759295737,0.9095029478955516
0.35933157328366216,0.5416269517463383,-0.30608152759295737,-0.9604130977777536
-1.044659200965585,-1.0753431850856465,-0.30608152759295737,-0.9604130977777536
-0.8002211989200143,-0.3651873817472748,-0.30608152759295737,-0.9604130977777536
2.3927502028002543,0.3449684215910969,-0.30608152759295737,1.8444609707322042
-0.5981015259785829,0.017204204665694608,-0.30608152759295737,-0.9604130977777536
-1.0522978885295091,-0.8677591810328916,-0.30608152759295737,0.9095029478955516
0.7855703393506263,0.5088505300537981,-0.30608152759295737,0.9095029478955516
2.345390339903925,2.868752891916695,2.310049264852508,0.9095029478955516
-0.5863379471301399,-0.5509204380050028,-0.30608152759295737,-0.9604130977777536
0.5441878123306251,0.3449684215910969,-0.30608152759295737,0.9095029478955516
-0.06996266780887155,-0.11390148210446632,-0.30608152759295737,-0.9604130977777536
0.14789270151424344,-0.7148025464677039,-0.30608152759295737,0.9095029478955516
5.066290850173685,4.223511655208358,4.926180057297974,0.9095029478955516
-0.40300944559596175,0.43237221277120425,-0.30608152759295737,-0.9604130977777536
-0.32051161990558164,-0.7475789681602442,-0.30608152759295737,-0.9604130977777536
-0.9804942254286227,-0.529069490209976,-0.30608152759295737,-0.9604130977777536
-0.4946736963630508,0.02812967856320802,-0.30608152759295737,-0.9604130977777536
-0.1096838431412768,-0.6055478074925698,-0.30608152759295737,-0.9604130977777536
-0.4488415709795063,-0.15760337769451996,-0.30608152759295737,-0.9604130977777536
-0.7849438237921661,-0.9988648678030526,-0.30608152759295737,-0.02545507494110098
-0.7055014731273557,-0.24500716887462726,-0.30608152759295737,-0.02545507494110098
-0.06690719278330191,-0.20130527328457362,-0.30608152759295737,-0.9604130977777536
-0.3266225699567209,-0.8896101288279185,-0.30608152759295737,-0.9604130977777536
-1.2890972030111558,-1.2392252935483477,-0.30608152759295737,-0.9604130977777536
2.7441298307407624,1.9073111889355148,-0.30608152759295737,0.9095029478955516
-1.08743585132356,-0.8568337071353782,-0.30608152759295737,-0.9604130977777536
0.6541849132511319,0.03905515246072143,-0.30608152759295737,-0.9604130977777536
-0.8979963997382426,-0.048348638719385856,-0.30608152759295737,-0.9604130977777536
-0.7788328737410268,-0.9005356027254319,-0.30608152759295737,-0.02545507494110098
-0.09746194303899826,0.5307014778488249,-0.30608152759295737,0.9095029478955516
-0.894940924712673,-1.1736724501632672,-0.30608152759295737,-0.9604130977777536
-0.6168926973858362,0.3886703171811506,-0.30608152759295737,0.9095029478955516
-0.43390640905452194,-0.33241096005473453,-0.30608152759295737,-0.02545507494110098
-0.3113451948288727,-1.0425667633931062,-0.30608152759295737,-0.9604130977777536
1.0911178419075898,0.26849010430850306,2.310049264852508,-0.9604130977777536
-0.004269954759124393,1.0551242249294686,-0.30608152759295737,0.9095029478955516
-0.47939632123520265,0.2029372609234226,-0.30608152759295737,-0.9604130977777536
0.04920085818834422,-0.07019958651441267,-0.30608152759295737,-0.9604130977777536
0.17753080926226888,0.454223160566231,-0.30608152759295737,-0.9604130977777536
-0.28079044457317637,0.3012665260010433,-0.30608152759295737,0.9095029478955516
-0.945356262634572,-0.878684654930405,-0.30608152759295737,-0.9604130977777536
-0.32356709493115127,-1.457734771498616,-0.30608152759295737,-0.9604130977777536
-0.9224401999427997,-0.3651873817472748,1.0019838686297755,-0.9604130977777536
-0.15872421730166944,-0.33241096005473453,-0.30608152759295737,0.9095029478955516
0.4219688113078397,-0.4962930685174357,-0.30608152759295737,-0.9604130977777536
1.6074931212288581,2.0384168757056758,-0.30608152759295737,0.9095029478955516
-0.5788520333174942,-0.7585044420577576,-0.30608152759295737,-0.9604130977777536
-0.6321700725136844,-0.10297600820695291,-0.30608152759295737,-0.9604130977777536
0.021701582958217506,-0.9114610766229453,-0.30608152759295737,0.9095029478955516
2.133034825626835,1.8526838194479476,-0.30608152759295737,0.9095029478955516
0.23329322847891473,0.43237221277120425,-0.30608152759295737,-0.02545507494110098
3.8899329653293755,1.918236662833028,-0.30608152759295737,0.9095029478955516
0.9413995656546776,-0.583696859697543,3.6181146610752415,-0.02545507494110098
1.1858375677002484,1.5358450764200586,-0.30608152759295737,-0.02545507494110098
-0.11273931816684643,-0.5618459119025162,-0.30608152759295737,0.9095029478955516
1.1705601925724003,1.2627082289822233,-0.30608152759295737,0.9095029478955516
-0.8154985740478625,-0.2887090644646809,-0.30608152759295737,-0.9604130977777536
-0.13107216832026425,-0.3105600122597077,-0.30608152759295737,-0.9604130977777536
-0.10662836811570717,-0.004646743129332213,-0.30608152759295737,0.9095029478955516
0.23818198851982614,0.15923536533336896,-0.30608152759295737,-0.9604130977777536
-0.12801669329469462,0.7819873774916334,3.6181146610752415,-0.9604130977777536
-0.7085569481529252,-0.9879393939055392,-0.30608152759295737,-0.9604130977777536
0.3180826604384721,0.2029372609234226,-0.30608152759295737,0.9095029478955516
-0.8460533243035588,-0.3105600122597077,-0.30608152759295737,-0.9604130977777536
-0.2044035689339355,-1.2829271891384013,-0.30608152759295737,0.9095029478955516
0.17753080926226888,1.0332732771344417,-0.30608152759295737,0.9095029478955516
-0.21968094406178365,-0.4307402251323552,-0.30608152759295737,-0.9604130977777536
-0.6781549716485074,-1.3157036108309415,-0.30608152759295737,-0.9604130977777536
0.519744012126068,1.1753044378021162,-0.30608152759295737,0.9095029478955516
0.712238938736955,0.9677204337493613,-0.30608152759295737,0.9095029478955516
-0.46411894610735444,-0.5727713858000296,-0.30608152759295737,-0.9604130977777536
0.13169868387872435,0.7819873774916334,-0.30608152759295737,0.9095029478955516
1.482218645180503,0.3340429476935835,1.0019838686297755,0.9095029478955516
-0.9450415487069384,-0.40888927733732844,-0.30608152759295737,0.9095029478955516
0.003368732804799695,-0.9660884461105124,-0.30608152759295737,2.7794189935688567
0.20044687195404115,-0.6492497030826234,-0.30608152759295737,2.7794189935688567
0.6358520630977141,1.382888441854871,-0.30608152759295737,0.9095029478955516
0.5687843862864607,0.213862734820936,-0.30608152759295737,-0.9604130977777536
0.5899893829639139,0.5744033734388786,-0.30608152759295737,0.9095029478955516
-0.6474474476415326,0.12427384886132603,-0.30608152759295737,0.9095029478955516
0.19280818439011707,0.5416269517463383,-0.30608152759295737,0.9095029478955516
-0.30828971980330305,-0.23408169497711384,-0.30608152759295737,-0.9604130977777536
0.33030456054075064,1.0004968554419016,-0.30608152759295737,0.9095029478955516
4.302422093781276,2.7485726790440475,1.0019838686297755,0.9095029478955516
-0.4488415709795063,-0.6820261247751637,-0.30608152759295737,-0.9604130977777536
-0.9071628248149516,-1.9056792012966657,-0.30608152759295737,-0.9604130977777536
1.1094506920610077,0.9240185381593077,-0.30608152759295737,0.9095029478955516
0.360859310796447,0.9895713815443882,-0.30608152759295737,0.9095029478955516
-0.5007846464141901,-0.2559326427721407,-0.30608152759295737,-0.9604130977777536
0.17753080926226888,-1.1845979240607807,-0.30608152759295737,-0.9604130977777536
0.27683374759328205,-0.03742316482187245,-0.30608152759295737,0.9095029478955516
-1.0141044507098889,-0.4853675946199223,-0.30608152759295737,0.9095029478955516
0.6505183432204484,0.7055090602090395,-0.30608152759295737,0.9095029478955516
-1.121046076604826,-1.2064488718558075,-0.30608152759295737,-0.9604130977777536
-0.2655130694453282,-0.7148025464677039,-0.30608152759295737,0.9095029478955516
-0.28079044457317637,-0.7585044420577576,-0.30608152759295737,-0.9604130977777536
0.7580710641204995,-0.08112506041192609,3.6181146610752415,-0.9604130977777536
-0.1891261938060873,-0.048348638719385856,-0.30608152759295737,-0.9604130977777536
0.9413995656546776,0.8147637991841736,-0.30608152759295737,0.9095029478955516
0.5594651874584733,1.9837895062181086,3.6181146610752415,0.9095029478955516
-0.4946736963630508,-0.6601751769801368,-0.30608152759295737,-0.9604130977777536
1.3355558439531605,-0.46351664682489546,1.0019838686297755,-0.9604130977777536
-0.555935970625722,-0.20130527328457362,-0.30608152759295737,-0.9604130977777536
0.37888661344730784,0.8147637991841736,1.0019838686297755,0.9095029478955516
0.8252915146830315,1.21900633339217,-0.30608152759295737,0.9095029478955516
-1.0354927758888761,-1.064417711188133,-0.30608152759295737,-0.9604130977777536
-0.2624575944197586,-0.7475789681602442,-0.30608152759295737,-0.9604130977777536
0.015590632907078236,0.08275704805077508,-0.30608152759295737,-0.02545507494110098
-0.8002211989200143,-0.7148025464677039,-0.30608152759295737,-0.9604130977777536
0.29974981028505426,-0.397963803439815,-0.30608152759295737,-0.9604130977777536
-0.19829261888279623,-0.3761128556447882,-0.30608152759295737,-0.9604130977777536
-0.2655130694453282,0.35589389548861033,2.310049264852508,-0.9604130977777536
0.138439061785131,-0.2559326427721407,-0.30608152759295737,0.9095029478955516
-0.3571773202124172,0.454223160566231,-0.30608152759295737,0.9095029478955516
-0.09287873050064381,-0.8349827593403515,-0.30608152759295737,-0.02545507494110098
-0.9896606505053317,-0.8896101288279185,-0.30608152759295737,0.9095029478955516
-0.6413364975903932,-0.6711006508776503,-0.30608152759295737,-0.9604130977777536
-0.7666109736387483,-0.2887090644646809,-0.30608152759295737,-0.9604130977777536
-0.803276673945584,0.08275704805077508,-0.30608152759295737,-0.9604130977777536
1.246947068211641,1.3501120201623307,-0.30608152759295737,0.9095029478955516
1.3095843062358186,0.37774484328363717,-0.30608152759295737,0.9095029478955516
-0.3968984955448225,-0.9442374983154855,-0.30608152759295737,-0.9604130977777536
-0.4335641958516581,-0.7585044420577576,-0.30608152759295737,-0.02545507494110098
-1.044659200965585,-0.9770139200080258,-0.30608152759295737,-0.02545507494110098
-0.442730620928367,0.213862734820936,-0.30608152759295737,0.9095029478955516
0.5289104372027769,1.2736337028797369,-0.30608152759295737,0.9095029478955516
-0.5221729715931775,0.46514863446374444,-0.30608152759295737,0.9095029478955516
-0.25634664436861926,-0.2777835905671675,-0.30608152759295737,0.9095029478955516
-0.3220393574183664,1.0769751727244954,-0.30608152759295737,-0.9604130977777536
-0.647600221392811,-0.33241096005473453,-0.30608152759295737,0.9095029478955516
1.246947068211641,1.011422329339415,4.926180057297974,-0.9604130977777536
-0.794110248868875,-0.2559326427721407,-0.30608152759295737,0.9095029478955516
-0.8918854496871034,-1.4468092976011024,-0.30608152759295737,-0.9604130977777536
1.8122099479420237,5.217729779882078,-0.30608152759295737,0.9095029478955516
-0.4335641958516581,0.5962543212339054,4.926180057297974,0.9095029478955516
0.4265520238461941,1.2408572811871965,-0.30608152759295737,-0.9604130977777536
-1.044659200965585,-1.381256454216022,-0.30608152759295737,-0.9604130977777536
2.3163633271610133,1.3566673045008388,2.310049264852508,1.8444609707322042
2.812868852391002,1.8745347672429744,3.6181146610752415,2.7794189935688567
1.3844434443622746,1.885460241140488,2.310049264852508,0.9095029478955516
-0.5710605720022917,-0.0920505343094395,-0.30608152759295737,0.9095029478955516
-0.3571773202124172,-0.3651873817472748,-0.30608152759295737,-0.9604130977777536
0.9994535911405007,1.7652800282678403,-0.30608152759295737,0.9095029478955516
1.1400054423167039,0.585328847336392,-0.30608152759295737,0.9095029478955516
4.791298097872418,1.2080808594946564,-0.30608152759295737,0.9095029478955516
1.1705601925724003,1.1097515944170357,-0.30608152759295737,-0.9604130977777536
5.6773858552876115,3.666312486435174,3.6181146610752415,0.9095029478955516
-0.46411894610735444,-1.0534922372906197,-0.30608152759295737,-0.02545507494110098
-0.6474474476415326,-0.2887090644646809,-0.30608152759295737,0.9095029478955516
-0.18148750624216323,-0.5399949641074894,-0.30608152759295737,-0.9604130977777536
-0.051629817655453734,-0.40888927733732844,-0.30608152759295737,2.7794189935688567
-0.9316066250195086,-0.9005356027254319,-0.30608152759295737,-0.9604130977777536
-1.029381825837737,-1.2720017152408878,-0.30608152759295737,-0.9604130977777536
0.2478067348503705,-0.2996345383621943,-0.30608152759295737,0.9095029478955516
0.07058918336733166,1.2408572811871965,-0.30608152759295737,0.9095029478955516
-0.4335641958516581,0.3231174737960701,-0.30608152759295737,-0.9604130977777536
-0.41828682072380996,-0.7257280203652173,-0.30608152759295737,-0.02545507494110098
-0.6260591224625451,0.1264589436408287,-0.30608152759295737,0.9095029478955516
-0.5710605720022917,-0.9660884461105124,1.0019838686297755,-0.9604130977777536
1.0483411915496148,-0.07019958651441267,-0.30608152759295737,-0.9604130977777536
-0.37245469534026543,0.17016083923088235,-0.30608152759295737,-0.9604130977777536
-0.28690139462431563,0.42144673887369083,2.310049264852508,0.9095029478955516
0.7886258143761959,1.120677068314549,-0.30608152759295737,0.9095029478955516
0.8802900651432849,0.7164345341065529,-0.30608152759295737,0.9095029478955516
0.5594651874584733,0.2794155782060165,-0.30608152759295737,0.9095029478955516
0.7275163138648032,0.017204204665694608,-0.30608152759295737,0.9095029478955516
-0.6627248227693807,-1.4031074020110488,-0.30608152759295737,-0.9604130977777536
-0.1622380135810745,0.04998062635823484,-0.30608152759295737,-0.9604130977777536
2.377472827672406,2.497286779401239,-0.30608152759295737,0.9095029478955516
-0.1616269185759606,-0.004646743129332213,-0.30608152759295737,-0.9604130977777536
2.133034825626835,4.922741984649216,-0.30608152759295737,0.9095029478955516
0.16225343413442073,1.2736337028797369,-0.30608152759295737,0.9095029478955516
-0.5560887443770005,0.18108631312839576,-0.30608152759295737,-0.9604130977777536
1.6441588215356937,3.0435604742769096,-0.30608152759295737,0.9095029478955516
1.1705601925724003,1.754354554370327,-0.30608152759295737,0.9095029478955516
0.2539176849015098,0.3449684215910969,-0.30608152759295737,0.9095029478955516
-0.6169232521360919,0.48699958225877127,-0.30608152759295737,0.9095029478955516
0.7151416400112461,0.9240185381593077,-0.30608152759295737,0.9095029478955516
-0.37245469534026543,0.5525524256438518,-0.30608152759295737,0.9095029478955516
0.34252646064302916,-0.6492497030826234,-0.30608152759295737,0.9095029478955516
0.5594651874584733,1.7106526587802733,-0.30608152759295737,0.9095029478955516
-0.509951071490899,-0.9770139200080258,-0.30608152759295737,0.9095029478955516
1.7052683220470863,0.08275704805077508,1.0019838686297755,-0.9604130977777536
0.2982220727722695,0.2247882087184494,-0.30608152759295737,0.9095029478955516
0.938344090629108,0.03905515246072143,1.0019838686297755,-0.02545507494110098
-0.3785656453914047,-0.6273987552875966,-0.30608152759295737,-0.9604130977777536
-0.30248431725472075,-0.3761128556447882,-0.30608152759295737,-0.9604130977777536
0.6358520630977141,0.5307014778488249,-0.30608152759295737,-0.02545507494110098
1.1858375677002484,1.2736337028797369,-0.30608152759295737,0.9095029478955516
0.07058918336733166,-0.8677591810328916,-0.30608152759295737,-0.9604130977777536
1.0151892875221844,1.5358450764200586,1.0019838686297755,0.9095029478955516
0.009479682855938965,-0.03742316482187245,-0.30608152759295737,0.9095029478955516
-0.12801669329469462,-0.0920505343094395,-0.30608152759295737,-0.9604130977777536
0.4433571364868271,0.26849010430850306,-0.30608152759295737,0.9095029478955516
0.8191805646318923,0.7492109557990931,-0.30608152759295737,0.9095029478955516
-0.31287293234165753,-0.08112506041192609,-0.30608152759295737,-0.9604130977777536
0.7947367644273352,0.8147637991841736,-0.30608152759295737,-0.02545507494110098
0.5826867976528025,0.006278730768181197,-0.30608152759295737,-0.9604130977777536
-0.5130065465164686,0.4979250561562847,-0.30608152759295737,0.9095029478955516
-0.6474474476415326,0.2794155782060165,-0.30608152759295737,0.9095029478955516
-0.5405058217465953,-0.20130527328457362,-0.30608152759295737,-0.9604130977777536
-0.7669165211413053,-0.5618459119025162,-0.30608152759295737,0.9095029478955516
0.10725488367416729,-0.07019958651441267,-0.30608152759295737,-0.9604130977777536
-0.8002211989200143,-1.2173743457533208,-0.30608152759295737,-0.9604130977777536
0.40669143617999154,0.7492109557990931,-0.30608152759295737,0.9095029478955516
0.7886258143761959,0.2794155782060165,-0.30608152759295737,-0.9604130977777536
-0.7391269757837494,-1.1627469762657539,-0.30608152759295737,-0.9604130977777536
-0.3113451948288727,-0.6164732813900832,-0.30608152759295737,-0.9604130977777536
-0.8934131871998882,-0.6820261247751637,-0.30608152759295737,-0.9604130977777536
0.452523561563536,-1.2610762413433745,-0.30608152759295737,-0.9604130977777536
-0.9377175750706479,-1.0425667633931062,-0.30608152759295737,-0.9604130977777536
-0.6780021978972289,0.17016083923088235,-0.30608152759295737,0.9095029478955516
-0.5863379471301399,0.7382854819015797,2.310049264852508,-0.9604130977777536
-0.635225547539254,-1.064417711188133,-0.30608152759295737,-0.02545507494110098
-0.9377175750706479,0.060906100255748254,-0.30608152759295737,0.9095029478955516
-0.3052342447777334,0.43237221277120425,-0.30608152759295737,0.9095029478955516
-0.8491087993291284,-0.397963803439815,-0.30608152759295737,-0.9604130977777536
-0.8154985740478625,-1.0316412894955929,-0.30608152759295737,-0.9604130977777536
-0.34189994508456906,-1.2829271891384013,-0.30608152759295737,-0.9604130977777536
0.02475705798378714,-0.24500716887462726,-0.30608152759295737,0.9095029478955516
0.712238938736955,0.19201178702590918,-0.30608152759295737,0.9095029478955516
0.18822497185176262,0.585328847336392,-0.30608152759295737,-0.9604130977777536
-0.952994950198496,-0.6492497030826234,-0.30608152759295737,-0.02545507494110098
-0.283845919598746,-0.2996345383621943,-0.30608152759295737,-0.9604130977777536
4.68435647197748,2.3006282492459973,-0.30608152759295737,0.9095029478955516
-0.37245469534026543,-1.009790341700566,-0.30608152759295737,-0.9604130977777536
0.5900199377141696,0.15923536533336896,-0.30608152759295737,-0.9604130977777536
-1.044659200965585,-1.1299705545732135,-0.30608152759295737,-0.9604130977777536
-0.7818883487665965,-1.1190450806757002,-0.30608152759295737,0.9095029478955516
0.11336583372530655,-0.529069490209976,-0.30608152759295737,2.7794189935688567
-0.6013097747554311,-0.1903797993870602,-0.30608152759295737,-0.9604130977777536
-0.5863379471301399,-0.5072185424149491,-0.30608152759295737,-0.02545507494110098
-0.7650832361259635,-1.3594055064209951,-0.30608152759295737,-0.02545507494110098
0.33015178678947216,-0.6820261247751637,-0.30608152759295737,0.9095029478955516
-0.25481890685583447,-0.2559326427721407,-0.30608152759295737,0.9095029478955516
-0.12801669329469462,-1.064417711188133,-0.30608152759295737,0.9095029478955516
-0.5487556043156333,0.3340429476935835,-0.30608152759295737,0.9095029478955516
-0.6657802977949504,-0.015572217026845624,-0.30608152759295737,-0.9604130977777536
-0.14329406842254278,0.9021675903642808,-0.30608152759295737,0.9095029478955516
-0.9423007876090024,-0.5181440163124625,-0.30608152759295737,0.9095029478955516
-0.19218166883165694,-0.015572217026845624,-0.30608152759295737,0.9095029478955516
-0.6712801528409758,-0.12482695600197974,-0.30608152759295737,0.9095029478955516
0.8955674402711331,0.9895713815443882,-0.30608152759295737,0.9095029478955516
-0.5955043722068488,-0.9333120244179721,-0.30608152759295737,-0.9604130977777536
0.5594651874584733,-0.5618459119025162,-0.30608152759295737,-0.9604130977777536
-0.6016153222579881,-1.0753431850856465,-0.30608152759295737,0.9095029478955516
-0.5987126209836969,-0.015572217026845624,-0.30608152759295737,0.9095029478955516
0.02475705798378714,-0.3105600122597077,-0.30608152759295737,-0.9604130977777536
-0.4337169696029366,-0.6164732813900832,-0.30608152759295737,-0.9604130977777536
-0.8323036866884955,-0.3105600122597077,-0.30608152759295737,-0.9604130977777536
-0.1463495434481124,-0.3214854861572211,-0.30608152759295737,-0.9604130977777536
-0.2716240194964675,-0.004646743129332213,-0.30608152759295737,-0.9604130977777536
-0.30370650726494863,-0.5727713858000296,-0.30608152759295737,-0.9604130977777536
-0.9377175750706479,-0.7366534942627307,-0.30608152759295737,-0.02545507494110098
-0.4647300411124684,-0.2668581166696541,-0.30608152759295737,-0.9604130977777536
-0.5985598472324184,-0.9333120244179721,-0.30608152759295737,-0.9604130977777536
-0.5557831968744436,-0.44166569902986863,-0.30608152759295737,-0.9604130977777536
0.33030456054075064,0.3012665260010433,-0.30608152759295737,0.9095029478955516
-0.769666448664318,-1.064417711188133,-0.30608152759295737,-0.9604130977777536
-0.9407730500962175,-1.3703309803185086,-0.30608152759295737,-0.9604130977777536
-0.861330699431407,-0.13575242989949315,-0.30608152759295737,0.9095029478955516
-0.5866434946326968,0.3231174737960701,-0.30608152759295737,-0.9604130977777536
-0.8154985740478625,-1.140896028470727,-0.30608152759295737,-0.9604130977777536
0.5594651874584733,1.4156648635474112,-0.30608152759295737,0.9095029478955516
-0.509951071490899,-0.2777835905671675,-0.30608152759295737,0.9095029478955516
0.8069586645296137,0.4105212649761774,-0.30608152759295737,-0.9604130977777536
-0.21968094406178365,0.02812967856320802,-0.30608152759295737,0.9095029478955516
-0.15857144355039096,-0.7148025464677039,-0.30608152759295737,0.9095029478955516
0.22336293464581342,0.006278730768181197,-0.30608152759295737,-0.02545507494110098
-0.894940924712673,-1.2282998196508341,-0.30608152759295737,-0.9604130977777536
-0.44425835844115186,0.2903410521035299,-0.30608152759295737,-0.9604130977777536
-0.41828682072380996,-1.381256454216022,-0.30608152759295737,-0.9604130977777536
0.05531180823948349,-0.1794543254895468,-0.30608152759295737,0.9095029478955516
-0.2503884680687585,-0.13575242989949315,-0.30608152759295737,0.9095029478955516
-0.8460533243035588,-0.5509204380050028,-0.30608152759295737,-0.02545507494110098
-0.12190574324355534,0.8366147469792005,-0.30608152759295737,-0.9604130977777536
-0.34189994508456906,-0.9005356027254319,-0.30608152759295737,-0.9604130977777536
-0.051629817655453734,-1.140896028470727,3.6181146610752415,-0.9604130977777536
-0.3877320704681136,0.04998062635823484,3.6181146610752415,-0.9604130977777536
0.17753080926226888,0.14830989143585555,-0.30608152759295737,0.9095029478955516
-0.9682723253263442,-0.5946223335950565,-0.30608152759295737,-0.9604130977777536
-0.7391116984086216,0.5416269517463383,-0.30608152759295737,0.9095029478955516
-0.15480098736883802,-0.63832422918511,-0.30608152759295737,0.9095029478955516
3.171896334320511,2.6720943617614537,4.926180057297974,0.9095029478955516
1.1094506920610077,1.437515811342438,-0.30608152759295737,0.9095029478955516
-1.0448119747168636,-0.4198147512348418,-0.30608152759295737,-0.9604130977777536
-0.28079044457317637,0.03905515246072143,-0.30608152759295737,-0.9604130977777536
1.0911178419075898,-0.7038770725701905,-0.30608152759295737,0.9095029478955516
0.327249085515181,0.14830989143585555,2.310049264852508,0.9095029478955516
0.7275163138648032,1.9510130845255684,-0.30608152759295737,0.9095029478955516
-0.4335641958516581,-0.46351664682489546,-0.30608152759295737,-0.02545507494110098
0.8848732776816394,2.5628396227863193,-0.30608152759295737,1.8444609707322042
-0.21662241356118844,-0.35426190784976136,-0.30608152759295737,-0.9604130977777536
-0.47939632123520265,-0.5399949641074894,-0.30608152759295737,2.7794189935688567
-0.6596693477438111,-1.195523397958294,-0.30608152759295737,-0.9604130977777536
-0.6321700725136844,-1.5342130887812098,-0.30608152759295737,-0.9604130977777536
-0.6780021978972289,-0.2559326427721407,-0.30608152759295737,-0.9604130977777536
-0.7391116984086216,-0.3105600122597077,-0.30608152759295737,0.9095029478955516
-0.8309287229269892,0.454223160566231,-0.30608152759295737,0.9095029478955516
2.071925325115443,1.5249196025225453,-0.30608152759295737,-0.02545507494110098
0.14697605900657254,1.197155385597143,-0.30608152759295737,-0.02545507494110098
0.6358520630977141,-0.33241096005473453,-0.30608152759295737,-0.02545507494110098
-0.9225929736940782,-0.9770139200080258,-0.30608152759295737,-0.9604130977777536
-0.9988270755820405,-0.8568337071353782,-0.30608152759295737,-0.9604130977777536
-1.1516008268605222,-1.009790341700566,-0.30608152759295737,-0.9604130977777536
-0.857205808146888,-0.8022063376478112,-0.30608152759295737,-0.9604130977777536
0.0828110834696102,-0.4307402251323552,-0.30608152759295737,-0.9604130977777536
-0.3571773202124172,-0.5946223335950565,-0.30608152759295737,-0.9604130977777536
0.7886258143761959,1.5249196025225453,-0.30608152759295737,-0.9604130977777536
0.5289104372027769,0.5744033734388786,-0.30608152759295737,-0.9604130977777536
-0.6260591224625451,-0.8896101288279185,-0.30608152759295737,-0.9604130977777536
0.05531180823948349,0.19201178702590918,-0.30608152759295737,0.9095029478955516
-0.28231818208596116,-0.3761128556447882,2.310049264852508,-0.9604130977777536
0.360859310796447,-0.15760337769451996,-0.30608152759295737,2.7794189935688567
0.43724618643568786,-0.9005356027254319,2.310049264852508,-0.9604130977777536
1.1094506920610077,1.5030686547275185,-0.30608152759295737,0.9095029478955516
-0.4228700332621644,-0.3214854861572211,-0.30608152759295737,-0.9604130977777536
-0.41828682072380996,-0.6601751769801368,-0.30608152759295737,2.7794189935688567
-0.47939632123520265,0.6290307429264456,-0.30608152759295737,0.9095029478955516
3.5385533373888673,0.7492109557990931,4.926180057297974,0.9095029478955516
-0.7849438237921661,-0.5072185424149491,-0.30608152759295737,0.9095029478955516
-0.8921909971896603,-0.8896101288279185,-0.30608152759295737,-0.9604130977777536
0.280298656272278,0.9130930642617943,-0.30608152759295737,0.9095029478955516
-0.6477529951440896,0.1286440384203314,-0.30608152759295737,0.9095029478955516
-0.7085569481529252,0.454223160566231,-0.30608152759295737,0.9095029478955516
-0.6016153222579881,-0.769429915955271,-0.30608152759295737,0.9095029478955516
-1.1644429883929914,-0.9333120244179721,-0.30608152759295737,0.9095029478955516
0.06295049580340757,-0.9005356027254319,-0.30608152759295737,0.9095029478955516
0.3759839121730167,1.1643789639046027,2.310049264852508,-0.9604130977777536
-0.08218456791115009,0.8584656947742273,-0.30608152759295737,0.9095029478955516
-0.1371831183714035,-0.5399949641074894,-0.30608152759295737,0.9095029478955516
-0.6997235698540034,0.19201178702590918,-0.30608152759295737,0.9095029478955516
0.3914140610521433,1.2954846506747637,2.310049264852508,0.9095029478955516
-0.5481445093105194,-1.2938526630359146,-0.30608152759295737,0.9095029478955516
-0.4271446428229363,-1.2064488718558075,-0.30608152759295737,0.9095029478955516
-0.317456144880012,-0.6601751769801368,-0.30608152759295737,-0.9604130977777536
0.44488487399961196,0.2247882087184494,-0.30608152759295737,-0.02545507494110098
-1.1668782019883706,-1.2173743457533208,-0.30608152759295737,-0.9604130977777536
-0.3877320704681136,-1.1518215023682403,-0.30608152759295737,-0.9604130977777536
-0.41828682072380996,1.1425280161095759,-0.30608152759295737,0.9095029478955516
1.0330638164217667,0.9895713815443882,-0.30608152759295737,2.7794189935688567
0.13169868387872435,0.15923536533336896,-0.30608152759295737,0.9095029478955516
0.29974981028505426,0.23680623000571416,-0.30608152759295737,0.9095029478955516
0.846679839862019,0.006278730768181197,2.310049264852508,0.9095029478955516
-0.06690719278330191,0.19201178702590918,-0.30608152759295737,-0.9604130977777536
-0.5328671341826713,-0.5072185424149491,-0.30608152759295737,-0.9604130977777536
0.6740455009173346,0.5307014778488249,-0.30608152759295737,-0.9604130977777536
-0.7391116984086216,0.02812967856320802,-0.30608152759295737,-0.9604130977777536
0.2539176849015098,0.3121919998985567,-0.30608152759295737,-0.9604130977777536
-0.03635244252760556,-0.5946223335950565,2.310049264852508,-0.9604130977777536
-0.49772917138862044,-0.4198147512348418,-0.30608152759295737,0.9095029478955516
0.22336293464581342,-0.9333120244179721,-0.30608152759295737,-0.9604130977777536
0.360859310796447,0.46514863446374444,-0.30608152759295737,0.9095029478955516
-0.4946736963630508,-0.2887090644646809,-0.30608152759295737,0.9095029478955516
-0.6935851205276341,0.6290307429264456,-0.30608152759295737,-0.9604130977777536
-0.6628775965206593,-0.7257280203652173,-0.30608152759295737,-0.9604130977777536
-0.9682723253263442,-0.8677591810328916,-0.30608152759295737,-0.9604130977777536
-0.021075067399757386,-0.059274112616899265,-0.30608152759295737,0.9095029478955516
-0.5909211596684943,-0.8349827593403515,-0.30608152759295737,-0.9604130977777536
0.5594651874584733,0.5744033734388786,-0.30608152759295737,0.9095029478955516
1.1705601925724003,1.5904724459076258,-0.30608152759295737,-0.02545507494110098
0.021701582958217506,-0.09860581864794754,4.926180057297974,-0.9604130977777536
-0.4335641958516581,-0.9770139200080258,-0.30608152759295737,-0.9604130977777536
0.2386403097736616,0.35589389548861033,-0.30608152759295737,0.9095029478955516
0.37613668592429517,0.7819873774916334,-0.30608152759295737,-0.9604130977777536
2.0566479499875943,1.8526838194479476,-0.30608152759295737,-0.9604130977777536
1.8806525885147833,0.6727326385164992,2.310049264852508,0.9095029478955516
-0.5864907208814183,-0.03742316482187245,-0.30608152759295737,0.9095029478955516
5.880116623234157,4.660530611108895,-0.30608152759295737,0.9095029478955516
-0.6199481724114059,0.37774484328363717,-0.30608152759295737,-0.02545507494110098
0.22336293464581342,-0.44166569902986863,-0.30608152759295737,-0.9604130977777536
0.6389075381232838,1.0551242249294686,-0.30608152759295737,0.9095029478955516
1.2194477929815144,0.213862734820936,-0.30608152759295737,-0.02545507494110098
0.17753080926226888,-0.4198147512348418,-0.30608152759295737,-0.9604130977777536
-0.2655130694453282,0.9021675903642808,-0.30608152759295737,0.9095029478955516
2.3030658998497344,2.934305735301775,-0.30608152759295737,0.9095029478955516
-0.17384881867823915,-0.6820261247751637,-0.30608152759295737,-0.9604130977777536
-0.5618941469255828,-0.34333643395224794,-0.30608152759295737,-0.9604130977777536
-0.6199481724114059,-1.1190450806757002,-0.30608152759295737,-0.9604130977777536
-0.8674416494825463,-0.6929515986726771,-0.30608152759295737,-0.9604130977777536
-0.2655130694453282,-1.009790341700566,-0.30608152759295737,0.9095029478955516
-0.32051161990558164,-0.2559326427721407,-0.30608152759295737,-0.9604130977777536
0.4494680865379664,0.08275704805077508,-0.30608152759295737,-0.9604130977777536
-0.6810576729227985,0.42144673887369083,-0.30608152759295737,-0.9604130977777536
-0.09746194303899826,-0.769429915955271,-0.30608152759295737,2.7794189935688567
-0.3113451948288727,-0.13575242989949315,2.310049264852508,-0.9604130977777536
1.4302755697458192,-0.7257280203652173,2.310049264852508,-0.9604130977777536
1.0177864412939186,1.197155385597143,-0.30608152759295737,0.9095029478955516
-0.726889798306343,-0.8896101288279185,-0.30608152759295737,-0.9604130977777536
-1.2310431775253328,-1.56698951047375,-0.30608152759295737,-0.9604130977777536
-0.23648605670241665,-1.064417711188133,-0.30608152759295737,-0.9604130977777536
-0.6275868599753299,-0.7038770725701905,-0.30608152759295737,-0.9604130977777536
-0.952994950198496,-0.2996345383621943,-0.30608152759295737,-0.9604130977777536
-0.3571773202124172,-0.212230747182087,-0.30608152759295737,0.9095029478955516
-0.7391116984086216,-1.5014366670886694,-0.30608152759295737,-0.9604130977777536
-0.2578743818814041,-0.7585044420577576,-0.30608152759295737,0.9095029478955516
-0.5374503467210257,-0.3105600122597077,-0.30608152759295737,-0.9604130977777536
-0.12190574324355534,-0.9005356027254319,-0.30608152759295737,-0.9604130977777536
-1.062992051119003,-1.1736724501632672,-0.30608152759295737,-0.9604130977777536
-0.7238343232807735,0.09368252194828848,-0.30608152759295737,0.9095029478955516
2.1635895758825314,1.197155385597143,-0.30608152759295737,-0.9604130977777536
0.10114393362302801,2.7267217312490204,-0.30608152759295737,0.9095029478955516
-0.6061985347963424,-0.397963803439815,2.310049264852508,-0.9604130977777536
-0.6627248227693807,-1.3921819281135355,-0.30608152759295737,-0.9604130977777536
0.17753080926226888,2.803200048531614,2.310049264852508,0.9095029478955516
0.9413995656546776,1.9619385584230817,-0.30608152759295737,0.9095029478955516
-0.37245469534026543,0.017204204665694608,-0.30608152759295737,0.9095029478955516
-0.8689693869953311,-1.0316412894955929,-0.30608152759295737,-0.9604130977777536
-0.6871686229739378,0.25756463041098965,-0.30608152759295737,-0.9604130977777536
1.3080565687230339,1.0223478032369284,2.310049264852508,-0.02545507494110098
-0.8857744996359641,-0.4962930685174357,-0.30608152759295737,-0.9604130977777536
0.43266297389733344,-0.33241096005473453,-0.30608152759295737,-0.02545507494110098
-0.7727219236898876,-0.16852885159203337,-0.30608152759295737,0.9095029478955516
-0.5710605720022917,-1.3047781369334281,-0.30608152759295737,0.9095029478955516
0.40669143617999154,0.19201178702590918,-0.30608152759295737,-0.9604130977777536
-0.44425835844115186,0.5088505300537981,-0.30608152759295737,-0.9604130977777536
-0.5481445093105194,-0.7366534942627307,-0.30608152759295737,-0.9604130977777536
-0.4488415709795063,-0.63832422918511,-0.30608152759295737,-0.9604130977777536
0.17447533423669925,0.6618071646189858,-0.30608152759295737,-0.9604130977777536
-0.9896606505053317,-1.3594055064209951,-0.30608152759295737,-0.9604130977777536
0.14682328525529406,1.1643789639046027,-0.30608152759295737,0.9095029478955516
-0.9896606505053317,-0.8677591810328916,-0.30608152759295737,-0.9604130977777536
-0.5557831968744436,-0.6820261247751637,-0.30608152759295737,-0.9604130977777536
-0.5863379471301399,-1.512362140986183,-0.30608152759295737,-0.9604130977777536
-0.5863379471301399,0.47607410836125785,-0.30608152759295737,0.9095029478955516
0.9261221905268294,0.454223160566231,-0.30608152759295737,-0.02545507494110098
0.9077893403734116,1.1753044378021162,-0.30608152759295737,-0.9604130977777536
0.9413995656546776,1.3173355984697905,-0.30608152759295737,-0.9604130977777536
-0.647600221392811,-1.3375545586259683,-0.30608152759295737,-0.9604130977777536
-0.3571773202124172,-0.5727713858000296,-0.30608152759295737,-0.02545507494110098
-1.0141044507098889,-1.2610762413433745,-0.30608152759295737,-0.9604130977777536
0.27377827256771237,-1.0862686589831598,-0.30608152759295737,-0.9604130977777536
-0.7543890735364698,-1.6106914060638036,-0.30608152759295737,-0.9604130977777536
0.10114393362302801,0.3012665260010433,-0.30608152759295737,-0.02545507494110098
-0.3877320704681136,0.17016083923088235,-0.30608152759295737,0.9095029478955516
0.9688988408848044,1.5576960242150855,-0.30608152759295737,-0.9604130977777536
0.2994075970821905,-0.08112506041192609,-0.30608152759295737,0.9095029478955516
-0.6491432362807237,-1.4140328759085623,-0.30608152759295737,0.9095029478955516
0.6225332474612562,0.3449684215910969,-0.30608152759295737,0.9095029478955516
-0.4488415709795063,-0.5727713858000296,-0.30608152759295737,0.9095029478955516
0.7580710641204995,1.1643789639046027,-0.30608152759295737,0.9095029478955516
1.0636185666774631,0.46514863446374444,-0.30608152759295737,0.9095029478955516
-0.4335641958516581,0.060906100255748254,-0.30608152759295737,-0.9604130977777536
-0.5389780842338106,-0.7803553898527844,-0.30608152759295737,-0.9604130977777536
-0.9071628248149516,-0.7803553898527844,-0.30608152759295737,-0.9604130977777536
-0.46411894610735444,0.23571368261596282,-0.30608152759295737,0.9095029478955516
-1.055353363555079,-0.878684654930405,-0.30608152759295737,-0.9604130977777536
2.01081582460405,2.0384168757056758,-0.30608152759295737,0.9095029478955516
-0.8096931714992802,-0.9333120244179721,-0.30608152759295737,-0.9604130977777536
1.3844434443622746,2.4645103577086984,3.6181146610752415,0.9095029478955516
5.371838352730649,2.3224791970410243,-0.30608152759295737,0.9095029478955516
-0.11273931816684643,-0.2887090644646809,-0.30608152759295737,0.9095029478955516
2.099424600345569,1.7980564499603806,-0.30608152759295737,0.9095029478955516
-0.5802269970790006,-0.6492497030826234,-0.30608152759295737,-0.9604130977777536
0.16936046904389568,1.5795469720101123,-0.30608152759295737,0.9095029478955516
0.7886258143761959,-0.4198147512348418,-0.30608152759295737,-0.9604130977777536
-0.8307759491757106,-0.4962930685174357,-0.30608152759295737,-0.9604130977777536
-0.9377175750706479,-0.6055478074925698,-0.30608152759295737,0.9095029478955516
-0.4033149930985187,-0.583696859697543,-0.30608152759295737,0.9095029478955516
0.6049917653394609,0.9349440120568211,-0.30608152759295737,0.9095029478955516
0.20197460946682597,0.6181052690289323,-0.30608152759295737,0.9095029478955516
-0.49009048382469633,-1.3375545586259683,-0.30608152759295737,-0.9604130977777536
0.06172830579317972,-0.7475789681602442,-0.30608152759295737,-0.9604130977777536
0.6052973128420178,0.9567949598518479,-0.30608152759295737,0.9095029478955516
-0.7146678982040645,-0.529069490209976,-0.30608152759295737,-0.02545507494110098
1.1094506920610077,1.066049698826982,4.926180057297974,-0.9604130977777536
0.6725177634045497,2.049342349603189,-0.30608152759295737,0.9095029478955516
-0.5680050969767221,-0.11390148210446632,-0.30608152759295737,-0.02545507494110098
0.6358520630977141,-0.3105600122597077,-0.30608152759295737,-0.02545507494110098
-0.376121265370949,-0.026497690924359035,-0.30608152759295737,-0.9604130977777536
-0.8124430990222928,0.36681936938612375,-0.30608152759295737,-0.9604130977777536
0.5594651874584733,0.5307014778488249,-0.30608152759295737,0.9095029478955516
-0.7849438237921661,-0.7257280203652173,-0.30608152759295737,-0.9604130977777536
-1.029381825837737,-1.1736724501632672,-0.30608152759295737,-0.9604130977777536
0.1255877338275851,-0.3651873817472748,-0.30608152759295737,0.9095029478955516
0.35169288571973806,0.060906100255748254,-0.30608152759295737,-0.02545507494110098
-0.476340846209633,-0.08112506041192609,2.310049264852508,0.9095029478955516
0.14682328525529406,0.7273600080040663,3.6181146610752415,-0.9604130977777536
0.10114393362302801,-0.46351664682489546,-0.30608152759295737,-0.02545507494110098
0.09808845859745838,0.2794155782060165,-0.30608152759295737,0.9095029478955516
0.45405129907632086,-0.13575242989949315,2.310049264852508,-0.02545507494110098
0.07058918336733166,-0.4962930685174357,-0.30608152759295737,-0.9604130977777536
-0.12801669329469462,-1.0207158155980793,-0.30608152759295737,-0.9604130977777536
-0.6474474476415326,1.0004968554419016,-0.30608152759295737,-0.9604130977777536
-0.7818883487665965,-1.4686602453961293,-0.30608152759295737,-0.9604130977777536
-0.28079044457317637,0.2247882087184494,-0.30608152759295737,-0.9604130977777536
1.0025090661660703,0.7819873774916334,-0.30608152759295737,-0.02545507494110098
0.5594651874584733,0.399595791078664,-0.30608152759295737,0.9095029478955516
-0.8154985740478625,-1.4795857192936426,-0.30608152759295737,-0.9604130977777536
0.3150271854129025,-0.2996345383621943,2.310049264852508,-0.9604130977777536
-1.1913220021929276,-1.1299705545732135,-0.30608152759295737,-0.9604130977777536
-0.693279573025077,-0.3761128556447882,-0.30608152759295737,-0.02545507494110098
-1.0752139512212815,-1.3047781369334281,-0.30608152759295737,-0.9604130977777536
0.4830783118192324,0.7055090602090395,-0.30608152759295737,0.9095029478955516
-0.9438285251217872,-0.955162972212999,-0.30608152759295737,-0.02545507494110098
-0.894940924712673,-0.3214854861572211,-0.30608152759295737,0.9095029478955516
-0.7085569481529252,-1.3703309803185086,-0.30608152759295737,-0.9604130977777536
-0.8431506230292677,-1.064417711188133,-0.30608152759295737,-0.9604130977777536
0.971954315910374,2.5956160444788594,4.926180057297974,0.9095029478955516
-1.044659200965585,-1.064417711188133,-0.30608152759295737,-0.02545507494110098
-0.42745324580051886,-0.13575242989949315,-0.30608152759295737,0.9095029478955516
-0.7238343232807735,-0.24500716887462726,-0.30608152759295737,-0.9604130977777536
-0.11273931816684643,-0.529069490209976,2.310049264852508,-0.9604130977777536
2.4844144535673434,0.6071797951314188,2.310049264852508,0.9095029478955516
-0.18301524375494804,0.3231174737960701,-0.30608152759295737,0.9095029478955516
-0.7392644721599001,-0.3651873817472748,3.6181146610752415,-0.9604130977777536
0.6969615636091069,1.9619385584230817,-0.30608152759295737,0.9095029478955516
-0.9050239922970528,-0.529069490209976,-0.30608152759295737,-0.9604130977777536
-0.7910547738433054,-1.3484800325234818,-0.30608152759295737,-0.9604130977777536
0.33030456054075064,-0.23408169497711384,-0.30608152759295737,-0.9604130977777536
-0.03635244252760556,0.017204204665694608,-0.30608152759295737,-0.9604130977777536
-0.3113451948288727,-0.10297600820695291,-0.30608152759295737,-0.9604130977777536
1.414998194617971,2.295165512297241,-0.30608152759295737,0.9095029478955516
0.1775002545120132,0.6071797951314188,-0.30608152759295737,-0.9604130977777536
0.00642420783036933,-0.10297600820695291,-0.30608152759295737,0.9095029478955516
3.5385533373888673,4.07055502064317,2.310049264852508,0.9095029478955516
-0.8307759491757106,-0.07019958651441267,-0.30608152759295737,-0.9604130977777536
-0.3266225699567209,-1.1627469762657539,-0.30608152759295737,-0.02545507494110098
-0.5893934221557094,-1.2173743457533208,-0.30608152759295737,-0.9604130977777536
1.8274873230698718,1.2954846506747637,-0.30608152759295737,0.9095029478955516
-0.6780021978972289,-0.13575242989949315,-0.30608152759295737,0.9095029478955516
0.8011532619810314,1.0332732771344417,-0.30608152759295737,0.9095029478955516
0.15919795910885107,-0.9333120244179721,-0.30608152759295737,0.9095029478955516
-0.03176922998925111,1.0769751727244954,-0.30608152759295737,-0.9604130977777536
1.858042073325568,-0.015572217026845624,-0.30608152759295737,0.9095029478955516
-0.5114788090036838,-0.7912808637502978,-0.30608152759295737,0.9095029478955516
-0.28079044457317637,0.2029372609234226,2.310049264852508,-0.9604130977777536
0.6190469504570811,0.6290307429264456,-0.30608152759295737,-0.9604130977777536
1.1366077540882704,0.26849010430850306,-0.30608152759295737,0.9095029478955516
0.6664068133534105,0.6945835863115261,-0.30608152759295737,0.9095029478955516
-0.5970321097196336,-0.5618459119025162,-0.30608152759295737,-0.9604130977777536
-0.8002211989200143,-0.9770139200080258,-0.30608152759295737,-0.9604130977777536
0.0476731206755594,-0.24500716887462726,-0.30608152759295737,-0.9604130977777536
-0.861330699431407,-0.5946223335950565,-0.30608152759295737,-0.9604130977777536
2.4080275779281024,-0.20130527328457362,2.310049264852508,-0.02545507494110098
0.29974981028505426,-0.5509204380050028,-0.30608152759295737,-0.9604130977777536
-0.8002211989200143,-0.20130527328457362,-0.30608152759295737,0.9095029478955516
-1.029381825837737,-0.9770139200080258,-0.30608152759295737,-0.9604130977777536
1.2683353933906285,1.1316025422120626,2.310049264852508,0.9095029478955516
0.2539176849015098,0.6290307429264456,-0.30608152759295737,-0.9604130977777536
0.4219688113078397,-0.2668581166696541,2.310049264852508,-0.9604130977777536
-1.1974329522440668,-1.3484800325234818,-0.30608152759295737,-0.9604130977777536
-0.873705373284964,-0.44166569902986863,-0.30608152759295737,0.9095029478955516
-0.9025796122765971,-0.5509204380050028,-0.30608152759295737,0.9095029478955516
-0.28079044457317637,-0.8131318115453247,-0.30608152759295737,-0.9604130977777536
0.16496669595712654,-0.2777835905671675,-0.30608152759295737,-0.9604130977777536
-0.26856854447089784,-0.16852885159203337,-0.30608152759295737,-0.9604130977777536
-0.7394172459111785,-1.1081196067781867,-0.30608152759295737,-0.9604130977777536
-1.044659200965585,-1.0207158155980793,-0.30608152759295737,-0.9604130977777536
-0.5970321097196336,-1.064417711188133,-0.30608152759295737,-0.9604130977777536
0.13169868387872435,0.8366147469792005,-0.30608152759295737,-0.9604130977777536
-0.4855072712863419,-0.6820261247751637,-0.30608152759295737,-0.9604130977777536
-0.06996266780887155,-0.1903797993870602,-0.30608152759295737,-0.02545507494110098
-0.40300944559596175,-0.955162972212999,-0.30608152759295737,-0.9604130977777536
0.11031035869973692,-0.059274112616899265,-0.30608152759295737,0.9095029478955516
2.2552538266496205,2.770423626839074,2.310049264852508,0.9095029478955516
-0.4488415709795063,-0.8459082332378649,-0.30608152759295737,0.9095029478955516
-0.5435612967721649,-0.35426190784976136,-0.30608152759295737,0.9095029478955516
-0.9224401999427997,-0.7027845251804392,-0.30608152759295737,0.9095029478955516
-0.6522659317568559,-0.4307402251323552,-0.30608152759295737,0.9095029478955516
0.15919795910885107,0.6508816907214724,-0.30608152759295737,0.9095029478955516
-0.3571773202124172,0.213862734820936,-0.30608152759295737,2.7794189935688567
-0.7097180286626418,-0.2887090644646809,-0.30608152759295737,0.9095029478955516
-0.861330699431407,-0.10843874515570961,-0.30608152759295737,0.9095029478955516
0.06600597082897722,-0.7912808637502978,-0.30608152759295737,3.7143770164055097
1.323333943850882,0.5416269517463383,-0.30608152759295737,0.9095029478955516
1.2072258928792359,0.35589389548861033,-0.30608152759295737,0.9095029478955516
-0.07149040532165636,-0.583696859697543,-0.30608152759295737,2.7794189935688567
0.06600597082897722,-0.042885901770629155,-0.30608152759295737,-0.9604130977777536
1.5524945707686046,1.4484412852399515,-0.30608152759295737,0.9095029478955516
-0.5863379471301399,-0.3761128556447882,-0.30608152759295737,0.9095029478955516
0.8680681650410064,1.0223478032369284,-0.30608152759295737,0.9095029478955516
-0.9682723253263442,-0.46351664682489546,-0.30608152759295737,-0.9604130977777536
-0.935068478223479,-0.8677591810328916,-0.30608152759295737,-0.9604130977777536
-0.43661967087722775,1.0223478032369284,-0.30608152759295737,0.9095029478955516
-1.113407389040902,-0.9879393939055392,-0.30608152759295737,-0.9604130977777536
-0.9713278003519139,-0.5727713858000296,-0.30608152759295737,-0.9604130977777536
-0.7330007483574823,-0.6492497030826234,-0.30608152759295737,-0.02545507494110098
0.6664068133534105,-0.15760337769451996,-0.30608152759295737,-0.9604130977777536
-0.25023569431748,-0.4307402251323552,-0.30608152759295737,-0.9604130977777536
-0.3877320704681136,-1.0425667633931062,-0.30608152759295737,-0.9604130977777536
0.3883585860265737,-0.1903797993870602,3.6181146610752415,-0.9604130977777536
-0.877830264569483,-0.7148025464677039,-0.30608152759295737,-0.9604130977777536
-0.56418575319476,-0.7912808637502978,-0.30608152759295737,-0.9604130977777536
1.1247280671888558,2.0930442451932425,-0.30608152759295737,0.9095029478955516
0.5594651874584733,1.0769751727244954,-0.30608152759295737,-0.02545507494110098
0.3914140610521433,-0.6929515986726771,-0.30608152759295737,-0.02545507494110098
-0.3113451948288727,-0.3870383295423016,-0.30608152759295737,0.9095029478955516
1.4761076951293637,1.306410124572277,2.310049264852508,-0.9604130977777536
-0.6780021978972289,-1.2829271891384013,2.310049264852508,-0.9604130977777536
-0.7085569481529252,0.3340429476935835,-0.30608152759295737,0.9095029478955516
0.7050585724268664,0.585328847336392,-0.30608152759295737,-0.9604130977777536
0.39126128730086485,0.5962543212339054,-0.30608152759295737,0.9095029478955516
0.452523561563536,0.6508816907214724,-0.30608152759295737,0.9095029478955516
-0.47939632123520265,1.1753044378021162,-0.30608152759295737,-0.9604130977777536
0.3700257358731559,0.3886703171811506,3.6181146610752415,-0.02545507494110098
-0.7391116984086216,-0.3761128556447882,-0.30608152759295737,-0.9604130977777536
-0.9667445878135594,-0.583696859697543,-0.30608152759295737,-0.9604130977777536
-0.6780021978972289,-0.6273987552875966,-0.30608152759295737,-0.02545507494110098
0.712238938736955,0.7929128513891468,-0.30608152759295737,-0.9604130977777536
0.803903189504044,0.5197760039513115,2.310049264852508,-0.02545507494110098
-0.8834828933667869,-0.9770139200080258,-0.30608152759295737,-0.02545507494110098
-0.8796635495848248,-0.048348638719385856,-0.30608152759295737,-0.9604130977777536
0.2386403097736616,1.6123233937026527,-0.30608152759295737,0.9095029478955516
-0.3266225699567209,-0.015572217026845624,-0.30608152759295737,-0.9604130977777536
-0.25023569431748,0.46514863446374444,-0.30608152759295737,-0.9604130977777536
-0.8368868992268499,-0.5181440163124625,-0.30608152759295737,0.9095029478955516
-0.2930123446754549,-0.8240572854428381,-0.30608152759295737,0.9095029478955516
-0.7849438237921661,-1.2173743457533208,-0.30608152759295737,-0.9604130977777536
-0.03635244252760556,0.2247882087184494,-0.30608152759295737,1.8444609707322042
-0.42745324580051886,-1.643467827756344,-0.30608152759295737,-0.9604130977777536
-0.5618941469255828,0.35589389548861033,-0.30608152759295737,-0.9604130977777536
-0.5712133457535702,0.4432976866687176,-0.30608152759295737,-0.9604130977777536
-0.41828682072380996,0.1046079958458019,-0.30608152759295737,0.9095029478955516
0.07975560844404057,-0.015572217026845624,-0.30608152759295737,-0.9604130977777536
0.10114393362302801,1.7106526587802733,2.310049264852508,-0.9604130977777536
-0.693279573025077,-0.20130527328457362,-0.30608152759295737,-0.9604130977777536
-0.7973887735713112,-0.059274112616899265,-0.30608152759295737,0.9095029478955516
-0.3113451948288727,0.03905515246072143,-0.30608152759295737,-0.9604130977777536
-0.8307759491757106,0.5197760039513115,-0.30608152759295737,-0.9604130977777536
0.6511294382255624,0.825689273081687,-0.30608152759295737,-0.02545507494110098
-0.7707083656480372,0.14830989143585555,-0.30608152759295737,0.9095029478955516
0.04003443311163531,1.6560252892927063,-0.30608152759295737,0.9095029478955516
-0.28079044457317637,-0.6492497030826234,-0.30608152759295737,-0.9604130977777536
1.84276469819772,0.399595791078664,-0.30608152759295737,0.9095029478955516
-0.14329406842254278,-0.7475789681602442,-0.30608152759295737,-0.9604130977777536
2.1635895758825314,1.787130976062867,3.6181146610752415,1.8444609707322042
0.1164213087508762,-0.44166569902986863,-0.30608152759295737,-0.9604130977777536
0.05531180823948349,0.3886703171811506,-0.30608152759295737,-0.9604130977777536
1.6441588215356937,2.0384168757056758,-0.30608152759295737,0.9095029478955516
-0.28079044457317637,-1.4031074020110488,-0.30608152759295737,-0.9604130977777536
0.8344579397597404,0.15923536533336896,-0.30608152759295737,-0.9604130977777536
-0.5741160470278613,0.4979250561562847,-0.30608152759295737,0.9095029478955516
-0.8005267464225713,-0.5946223335950565,-0.30608152759295737,-0.9604130977777536
-0.6199481724114059,-1.2829271891384013,-0.30608152759295737,-0.9604130977777536
2.4385823281837986,1.1643789639046027,3.6181146610752415,0.9095029478955516
0.5136330620749288,1.7652800282678403,-0.30608152759295737,1.8444609707322042
0.8344579397597404,0.5416269517463383,2.310049264852508,-0.9604130977777536
0.7886258143761959,-0.048348638719385856,-0.30608152759295737,-0.9604130977777536
0.293638860233915,-0.5072185424149491,-0.30608152759295737,-0.9604130977777536
-0.2026313934191051,-0.6601751769801368,-0.30608152759295737,-0.9604130977777536
-0.9108293948456351,-1.0753431850856465,-0.30608152759295737,-0.9604130977777536
0.17753080926226888,1.21900633339217,-0.30608152759295737,0.9095029478955516
0.2386403097736616,0.36681936938612375,-0.30608152759295737,-0.9604130977777536
0.6358520630977141,-0.40888927733732844,-0.30608152759295737,-0.02545507494110098
0.2569731599270794,0.3340429476935835,-0.30608152759295737,0.9095029478955516
-0.952994950198496,-1.1627469762657539,-0.30608152759295737,-0.9604130977777536
-0.014964117348618114,0.3121919998985567,2.310049264852508,0.9095029478955516
-1.0141044507098889,-1.5342130887812098,-0.30608152759295737,-0.9604130977777536
-1.0431314634528004,-0.9442374983154855,-0.30608152759295737,-0.9604130977777536
-0.8811912870976096,-0.529069490209976,-0.30608152759295737,-0.9604130977777536
-1.1974329522440668,-0.8896101288279185,-0.30608152759295737,-0.9604130977777536
-0.3113451948288727,-0.004646743129332213,-0.30608152759295737,-0.9604130977777536
0.38224763597543443,1.306410124572277,3.6181146610752415,-0.02545507494110098
0.360859310796447,-0.9988648678030526,1.0019838686297755,-0.9604130977777536
0.46780093669138423,0.5088505300537981,-0.30608152759295737,0.9095029478955516
-0.3113451948288727,0.13738441753834213,-0.30608152759295737,0.9095029478955516
2.5852451294111414,2.0930442451932425,-0.30608152759295737,-0.9604130977777536
-0.9850774379669772,-1.1299705545732135,-0.30608152759295737,-0.02545507494110098
-0.9835497004541924,-0.5072185424149491,-0.30608152759295737,0.9095029478955516
-0.8307759491757106,-0.3761128556447882,3.6181146610752415,-0.9604130977777536
1.0941733169331593,1.3610374940598442,2.310049264852508,0.9095029478955516
4.424641094804062,2.573765096683833,-0.30608152759295737,1.8444609707322042
0.7886258143761959,0.9458694859543345,-0.30608152759295737,0.9095029478955516
-0.5405058217465953,0.17016083923088235,-0.30608152759295737,-0.02545507494110098
2.5846340344060272,0.3886703171811506,3.6181146610752415,0.9095029478955516
-0.27773496954760674,0.77106190359412,-0.30608152759295737,-0.02545507494110098
-1.038548250914446,-1.3157036108309415,-0.30608152759295737,-0.9604130977777536
2.6524655799736734,1.2299318072896832,-0.30608152759295737,0.9095029478955516
-0.21662546903621402,-0.9660884461105124,-0.30608152759295737,-0.9604130977777536
0.871123640066576,1.2080808594946564,-0.30608152759295737,-0.9604130977777536
-0.9377175750706479,0.4105212649761774,-0.30608152759295737,-0.9604130977777536
-0.9942438630436862,-0.8022063376478112,-0.30608152759295737,-0.9604130977777536
-0.5588386719000131,-0.20130527328457362,-0.30608152759295737,-0.02545507494110098
-0.8842467621231793,-0.24500716887462726,-0.30608152759295737,-0.9604130977777536
-0.5252284466187471,0.2794155782060165,-0.30608152759295737,-0.9604130977777536
0.3700257358731559,-0.7038770725701905,-0.30608152759295737,-0.9604130977777536
1.3140789099984316,1.4593667591374648,-0.30608152759295737,0.9095029478955516
-0.37245469534026543,-0.7432087786012388,-0.30608152759295737,-0.02545507494110098
-0.6453850019992731,-0.212230747182087,-0.30608152759295737,-0.9604130977777536
-0.9224401999427997,-1.009790341700566,-0.30608152759295737,-0.02545507494110098
-0.6325122857165482,-0.38813087693205295,-0.30608152759295737,0.9095029478955516
-0.3907875454936832,0.399595791078664,-0.30608152759295737,1.8444609707322042
0.7363771914389551,1.0223478032369284,-0.30608152759295737,0.9095029478955516
-0.051629817655453734,0.9895713815443882,-0.30608152759295737,0.9095029478955516
-0.342205492587126,0.26849010430850306,-0.30608152759295737,0.9095029478955516
-0.46411894610735444,-0.8240572854428381,-0.30608152759295737,0.9095029478955516
-0.9713278003519139,-0.6820261247751637,-0.30608152759295737,-0.9604130977777536
-0.8689693869953311,-0.44712843597862534,-0.30608152759295737,0.9095029478955516
0.37613668592429517,-1.1081196067781867,-0.30608152759295737,-0.9604130977777536
-0.6566138727182415,0.3012665260010433,-0.30608152759295737,0.9095029478955516
-0.3571773202124172,-0.6601751769801368,3.6181146610752415,-0.02545507494110098
0.44488487399961196,1.1643789639046027,-0.30608152759295737,0.9095029478955516
0.39905274861606743,0.3012665260010433,-0.30608152759295737,-0.02545507494110098
-1.2279877024997632,-1.1627469762657539,-0.30608152759295737,-0.9604130977777536
-0.9972993380692557,-0.9879393939055392,-0.30608152759295737,-0.9604130977777536
-0.2352638666921888,-0.11390148210446632,-0.30608152759295737,-0.9604130977777536
-0.3816211204169743,0.19201178702590918,-0.30608152759295737,-0.9604130977777536
-0.2716240194964675,0.19201178702590918,3.6181146610752415,-0.9604130977777536
0.4830783118192324,-0.5072185424149491,2.310049264852508,0.9095029478955516
3.294112279868271,1.940087610628055,4.926180057297974,-0.9604130977777536
-0.8628584369441918,-0.5181440163124625,-0.30608152759295737,-0.9604130977777536
-0.25023569431748,-0.015572217026845624,-0.30608152759295737,-0.9604130977777536
0.05989502077783794,-0.1794543254895468,-0.30608152759295737,-0.9604130977777536
0.30280528531062395,0.7055090602090395,-0.30608152759295737,0.9095029478955516
-0.6474474476415326,0.3449684215910969,-0.30608152759295737,-0.9604130977777536
-0.28995686964988526,-0.878684654930405,-0.30608152759295737,-0.9604130977777536
-0.6780021978972289,0.48699958225877127,-0.30608152759295737,0.9095029478955516
-1.0058546681408507,-1.2938526630359146,-0.30608152759295737,-0.9604130977777536
-0.861330699431407,-1.5560640365762366,-0.30608152759295737,-0.9604130977777536
-0.40300944559596175,-0.7912808637502978,-0.30608152759295737,0.9095029478955516
-0.5710605720022917,-0.2559326427721407,-0.30608152759295737,0.9095029478955516
-0.8139708365350776,-1.5342130887812098,-0.30608152759295737,-0.9604130977777536
-0.3877320704681136,0.3121919998985567,-0.30608152759295737,-0.9604130977777536
-0.803276673945584,-0.5399949641074894,-0.30608152759295737,-0.9604130977777536
-0.5863379471301399,0.2247882087184494,-0.30608152759295737,-0.9604130977777536
-0.5710605720022917,-0.8677591810328916,-0.30608152759295737,0.9095029478955516
0.6358520630977141,1.1643789639046027,-0.30608152759295737,0.9095029478955516
-0.9377175750706479,-0.7912808637502978,-0.30608152759295737,-0.9604130977777536
-1.0142572244611672,-1.2610762413433745,-0.30608152759295737,-0.9604130977777536
-0.952994950198496,-1.2173743457533208,-0.30608152759295737,-0.9604130977777536
0.5594651874584733,1.5904724459076258,-0.30608152759295737,-0.02545507494110098
-0.34189994508456906,-1.1736724501632672,-0.30608152759295737,-0.9604130977777536
0.36544252333480143,0.4105212649761774,-0.30608152759295737,-0.9604130977777536
0.5991863627908786,0.5525524256438518,-0.30608152759295737,0.9095029478955516
3.9052103404572236,4.933667458546729,-0.30608152759295737,0.9095029478955516
-0.9804942254286227,-1.326629084728455,-0.30608152759295737,-0.9604130977777536
0.37613668592429517,0.5307014778488249,-0.30608152759295737,0.9095029478955516
-0.8766080745592552,-0.44166569902986863,-0.30608152759295737,0.9095029478955516
1.9955384494762016,1.6669507631902196,-0.30608152759295737,0.9095029478955516
-0.5710605720022917,-0.0920505343094395,-0.30608152759295737,-0.9604130977777536
0.6511294382255624,1.2408572811871965,1.0019838686297755,-0.02545507494110098
-0.7391116984086216,-0.583696859697543,-0.30608152759295737,-0.9604130977777536
-0.12801669329469462,-0.7475789681602442,-0.30608152759295737,-0.02545507494110098
-1.072158476195712,-1.3375545586259683,-0.30608152759295737,-0.9604130977777536
-0.693279573025077,1.087900646622009,2.310049264852508,0.9095029478955516
-0.3877320704681136,-1.1627469762657539,-0.30608152759295737,0.9095029478955516
-0.4518970460050759,0.9567949598518479,-0.30608152759295737,0.9095029478955516
-0.15857144355039096,0.11553346974331531,-0.30608152759295737,0.9095029478955516
-0.056335249194830975,-0.2559326427721407,-0.30608152759295737,-0.02545507494110098
0.02475705798378714,2.2132244580658904,-0.30608152759295737,0.9095029478955516
-0.6107817473346969,-0.3761128556447882,-0.30608152759295737,-0.9604130977777536
0.05531180823948349,0.639956216823959,-0.30608152759295737,0.9095029478955516
1.5524945707686046,2.475435831606212,3.6181146610752415,0.9095029478955516
0.5136330620749288,-0.529069490209976,-0.30608152759295737,-0.02545507494110098
1.4608303200015156,-0.4962930685174357,3.6181146610752415,-0.02545507494110098
-0.4337169696029366,0.48699958225877127,-0.30608152759295737,0.9095029478955516
-0.1891261938060873,-0.6820261247751637,-0.30608152759295737,-0.9604130977777536
-0.40300944559596175,0.639956216823959,3.6181146610752415,0.9095029478955516
-0.03635244252760556,0.8038383252866602,-0.30608152759295737,-0.9604130977777536
-0.04246339257874483,-1.4031074020110488,4.926180057297974,-0.9604130977777536
-0.21998649156434064,0.9458694859543345,-0.30608152759295737,0.9095029478955516
-0.442730620928367,-1.0425667633931062,-0.30608152759295737,-0.9604130977777536
0.5396045997922706,-1.009790341700566,-0.30608152759295737,-0.9604130977777536
-1.0599365760934334,-1.2064488718558075,-0.30608152759295737,-0.9604130977777536
-0.7849438237921661,-1.326629084728455,-0.30608152759295737,-0.9604130977777536
-0.7543890735364698,-1.5560640365762366,-0.30608152759295737,-0.9604130977777536
0.18364175931340815,0.3231174737960701,-0.30608152759295737,-0.9604130977777536
-0.9377175750706479,-0.1903797993870602,-0.30608152759295737,-0.9604130977777536
-0.23495831918963184,1.0223478032369284,-0.30608152759295737,0.9095029478955516
-0.9407730500962175,-0.8022063376478112,-0.30608152759295737,-0.9604130977777536
-0.11518369818730215,-1.009790341700566,-0.30608152759295737,2.7794189935688567
0.5136330620749288,0.3449684215910969,-0.30608152759295737,0.9095029478955516
0.14544832149378772,0.2029372609234226,-0.30608152759295737,0.9095029478955516
-0.3877320704681136,0.5197760039513115,-0.30608152759295737,-0.02545507494110098
0.5900199377141696,-0.6929515986726771,-0.30608152759295737,0.9095029478955516
-0.35106637016127795,0.3362280424730862,2.310049264852508,0.9095029478955516
1.3447222690298695,1.623248867600166,-0.30608152759295737,0.9095029478955516
-0.2532911693430496,0.4432976866687176,-0.30608152759295737,0.9095029478955516
-0.17857563854279537,0.7273600080040663,-0.30608152759295737,0.9095029478955516
-0.9012046485150907,-0.4962930685174357,-0.30608152759295737,-0.9604130977777536
-0.9377175750706479,-1.0425667633931062,-0.30608152759295737,0.9095029478955516
-0.7733635734452572,-0.8459082332378649,-0.30608152759295737,2.7794189935688567
-0.95360604520361,-1.1081196067781867,-0.30608152759295737,0.9095029478955516
-0.07760135537279564,-1.1190450806757002,-0.30608152759295737,2.7794189935688567
3.233005834831904,0.7601364296966066,-0.30608152759295737,0.9095029478955516
-0.9407730500962175,-1.1845979240607807,-0.30608152759295737,-0.9604130977777536
-0.952994950198496,-0.23408169497711384,-0.30608152759295737,0.9095029478955516
-0.7391116984086216,-0.8240572854428381,-0.30608152759295737,-0.9604130977777536
-0.21968094406178365,-0.6820261247751637,-0.30608152759295737,-0.02545507494110098
-0.6171982448883931,-1.009790341700566,-0.30608152759295737,-0.9604130977777536
0.33030456054075064,-1.1736724501632672,-0.30608152759295737,-0.9604130977777536
0.13169868387872435,0.5962543212339054,-0.30608152759295737,-0.02545507494110098
0.48277276431667543,0.07183157415326166,-0.30608152759295737,-0.9604130977777536
0.17141985921112962,1.0988261205195222,-0.30608152759295737,0.9095029478955516
-0.2044035689339355,-0.46351664682489546,-0.30608152759295737,-0.9604130977777536
-0.6948073105378619,-0.46351664682489546,-0.30608152759295737,-0.9604130977777536
-0.442730620928367,-0.8349827593403515,-0.30608152759295737,0.9095029478955516
-0.6016153222579881,-0.5618459119025162,-0.30608152759295737,-0.9604130977777536
-0.6627248227693807,0.006278730768181197,-0.30608152759295737,-0.9604130977777536
-0.8460533243035588,-0.35426190784976136,-0.30608152759295737,-0.9604130977777536
-0.42745324580051886,0.9021675903642808,-0.30608152759295737,-0.9604130977777536
0.8955674402711331,-0.004646743129332213,-0.30608152759295737,0.9095029478955516
0.7275163138648032,1.5030686547275185,-0.30608152759295737,0.9095029478955516
-0.8918854496871034,-0.7475789681602442,-0.30608152759295737,-0.9604130977777536
2.01081582460405,-0.004646743129332213,-0.30608152759295737,0.9095029478955516
1.2011149428280967,-0.3761128556447882,-0.30608152759295737,0.9095029478955516
-0.7391116984086216,-1.2720017152408878,-0.30608152759295737,-0.9604130977777536
-0.37551017036583506,-0.6711006508776503,-0.30608152759295737,-0.9604130977777536
-0.40300944559596175,-1.2173743457533208,-0.30608152759295737,-0.9604130977777536
1.9038741987091126,1.8199073977554074,-0.30608152759295737,0.9095029478955516
-0.24718021929191036,1.6123233937026527,-0.30608152759295737,0.9095029478955516
-0.47939632123520265,-0.9005356027254319,-0.30608152759295737,-0.9604130977777536
0.38988632353935854,0.4105212649761774,-0.30608152759295737,-0.02545507494110098
-0.15261326725053018,-0.03742316482187245,-0.30608152759295737,-0.9604130977777536
2.102480075371139,0.08275704805077508,1.0019838686297755,-0.02545507494110098
0.05531180823948349,-0.059274112616899265,-0.30608152759295737,-0.02545507494110098
-0.5252284466187471,-0.878684654930405,-0.30608152759295737,-0.9604130977777536
-0.8509420843444703,-0.8349827593403515,-0.30608152759295737,-0.9604130977777536
-1.3502067035225487,-1.3047781369334281,-0.30608152759295737,-0.9604130977777536
-0.7698192224155964,-0.397963803439815,-0.30608152759295737,-0.02545507494110098
-0.8521642743546981,-0.7803553898527844,-0.30608152759295737,0.9095029478955516
-0.44120288341558217,0.48699958225877127,-0.30608152759295737,0.9095029478955516
-0.9071628248149516,-0.9005356027254319,-0.30608152759295737,-0.9604130977777536
-0.021075067399757386,-0.5946223335950565,-0.30608152759295737,-0.9604130977777536
-0.283845919598746,0.9130930642617943,-0.30608152759295737,0.9095029478955516
-0.15857144355039096,0.2247882087184494,-0.30608152759295737,0.9095029478955516
-0.2936234396805688,-0.059274112616899265,-0.30608152759295737,-0.9604130977777536
-0.6016153222579881,-1.2610762413433745,-0.30608152759295737,-0.9604130977777536
-0.6550861352054567,0.2029372609234226,-0.30608152759295737,0.9095029478955516
-0.3220393574183664,0.18108631312839576,-0.30608152759295737,0.9095029478955516
0.02475705798378714,-0.44166569902986863,-0.30608152759295737,-0.9604130977777536
-0.30828971980330305,-1.0207158155980793,-0.30608152759295737,-0.9604130977777536
-0.4137036081854555,-1.3703309803185086,-0.30608152759295737,-0.9604130977777536
-0.9132737748660908,-1.1540065971477431,-0.30608152759295737,0.9095029478955516
-0.5573109343872283,0.017204204665694608,-0.30608152759295737,0.9095029478955516
0.6664068133534105,1.2845591767772502,-0.30608152759295737,0.9095029478955516
4.2260352181420355,2.9561566830968022,2.310049264852508,1.8444609707322042
-0.409120395647101,0.7601364296966066,-0.30608152759295737,-0.02545507494110098
-0.1891261938060873,0.3449684215910969,-0.30608152759295737,0.9095029478955516
1.0177864412939186,-0.35426190784976136,-0.30608152759295737,-0.02545507494110098
-0.7146678982040645,-1.2173743457533208,-0.30608152759295737,-0.9604130977777536
1.0330638164217667,1.197155385597143,-0.30608152759295737,-0.02545507494110098
3.6302175881559564,3.14188973935453,3.6181146610752415,0.9095029478955516
-1.1363234517326741,-1.009790341700566,-0.30608152759295737,0.9095029478955516
-0.1539882310120365,-0.7148025464677039,-0.30608152759295737,0.9095029478955516
-0.08218456791115009,0.5197760039513115,-0.30608152759295737,0.9095029478955516
0.02475705798378714,0.6836581124140126,-0.30608152759295737,-0.9604130977777536
-0.8766080745592552,-0.878684654930405,-0.30608152759295737,-0.9604130977777536
0.2844724351572061,1.3391865462648174,-0.30608152759295737,0.9095029478955516
0.9413995656546776,0.5744033734388786,-0.30608152759295737,0.9095029478955516
-0.8460533243035588,-0.2887090644646809,-0.30608152759295737,-0.9604130977777536
-0.5869184873849981,-1.2720017152408878,-0.30608152759295737,-0.9604130977777536
1.314167518774173,-0.12482695600197974,2.310049264852508,-0.9604130977777536
-0.9377175750706479,-1.3375545586259683,-0.30608152759295737,-0.9604130977777536
-0.6474474476415326,0.23571368261596282,-0.30608152759295737,0.9095029478955516
-0.12801669329469462,1.7434290804728134,-0.30608152759295737,2.7794189935688567
0.08586655849517984,-0.2559326427721407,-0.30608152759295737,-0.9604130977777536
2.345390339903925,0.6071797951314188,4.926180057297974,-0.9604130977777536
0.00642420783036933,-0.7257280203652173,-0.30608152759295737,0.9095029478955516
-0.31440066985444237,1.1534534900070894,-0.30608152759295737,-0.9604130977777536
-0.03635244252760556,-0.15760337769451996,-0.30608152759295737,0.9095029478955516
-0.34953863264849316,-1.1299705545732135,-0.30608152759295737,2.7794189935688567
-0.6260591224625451,0.11553346974331531,-0.30608152759295737,0.9095029478955516
1.6899909469192382,1.3173355984697905,-0.30608152759295737,0.9095029478955516
-0.3266225699567209,-0.2668581166696541,-0.30608152759295737,-0.9604130977777536
0.6816841884812587,0.8147637991841736,-0.30608152759295737,-0.9604130977777536
-0.15047443473263142,-0.004646743129332213,-0.30608152759295737,-0.9604130977777536
-0.4825679043117439,0.6290307429264456,-0.30608152759295737,0.9095029478955516
1.246947068211641,1.6888017109852465,-0.30608152759295737,1.8444609707322042
-0.2594021193941889,-0.9879393939055392,-0.30608152759295737,0.9095029478955516
2.9580130825306368,2.475435831606212,-0.30608152759295737,0.9095029478955516
1.0409041653373783,1.568621498112599,-0.30608152759295737,2.7794189935688567
1.2866682435440464,1.5358450764200586,-0.30608152759295737,0.9095029478955516
-0.6016153222579881,0.17016083923088235,-0.30608152759295737,0.9095029478955516
4.653801721721784,2.4317339360161583,-0.30608152759295737,0.9095029478955516
0.7886258143761959,1.863609293345461,-0.30608152759295737,0.9095029478955516
-0.6948073105378619,-0.08112506041192609,-0.30608152759295737,-0.9604130977777536
-0.03635244252760556,1.6778762370877331,2.310049264852508,0.9095029478955516
0.33030456054075064,1.3391865462648174,-0.30608152759295737,0.9095029478955516
-0.5878656846429247,-0.9333120244179721,-0.30608152759295737,-0.9604130977777536
2.004704874552911,1.3938139157523843,-0.30608152759295737,1.8444609707322042
-1.151448053109244,-1.009790341700566,-0.30608152759295737,-0.9604130977777536
0.1164213087508762,0.08275704805077508,2.310049264852508,0.9095029478955516
-0.6474474476415326,-0.4853675946199223,-0.30608152759295737,-0.9604130977777536
1.0177864412939186,1.8745347672429744,-0.30608152759295737,0.9095029478955516
-0.12801669329469462,-1.2829271891384013,2.310049264852508,-0.9604130977777536
-0.2960678197010245,0.17016083923088235,-0.30608152759295737,0.9095029478955516
-0.8158041215504195,-0.16852885159203337,-0.30608152759295737,0.9095029478955516
-0.9837024742054709,-0.5509204380050028,-0.30608152759295737,-0.9604130977777536
0.4571067741018905,0.5197760039513115,-0.30608152759295737,0.9095029478955516
-0.25176343183026484,-0.955162972212999,-0.30608152759295737,-0.9604130977777536
1.263752180852274,0.006278730768181197,-0.30608152759295737,-0.02545507494110098
-0.6506556964183807,0.46514863446374444,-0.30608152759295737,-0.9604130977777536
-0.7177233732296342,-1.064417711188133,-0.30608152759295737,-0.02545507494110098
-0.4870350087991267,-1.1845979240607807,-0.30608152759295737,-0.9604130977777536
1.858042073325568,1.3282610723673038,-0.30608152759295737,0.9095029478955516
2.3071969020843044,0.5525524256438518,-0.30608152759295737,0.9095029478955516
-0.19523714385722657,-0.529069490209976,-0.30608152759295737,0.9095029478955516
-0.861330699431407,-1.4795857192936426,-0.30608152759295737,-0.9604130977777536
0.9413995656546776,2.4317339360161583,-0.30608152759295737,-0.9604130977777536
0.22641840967138305,-0.46351664682489546,-0.30608152759295737,-0.9604130977777536
-0.00579769227190921,-0.08112506041192609,-0.30608152759295737,-0.9604130977777536
-0.7391116984086216,-0.5072185424149491,-0.30608152759295737,0.9095029478955516
-0.10510063060292235,-0.14667790379700654,-0.30608152759295737,-0.9604130977777536
-0.9193847249172301,-0.3870383295423016,-0.30608152759295737,-0.9604130977777536
-0.17384881867823915,0.3449684215910969,-0.30608152759295737,0.9095029478955516
0.46780093669138423,0.5416269517463383,-0.30608152759295737,0.9095029478955516
0.01864610793264787,0.3449684215910969,-0.30608152759295737,0.9095029478955516
-0.6016153222579881,-1.140896028470727,-0.30608152759295737,-0.9604130977777536
-0.8002211989200143,-1.1299705545732135,-0.30608152759295737,-0.9604130977777536
-0.28079044457317637,-0.7912808637502978,-0.30608152759295737,-0.9604130977777536
-0.08218456791115009,-0.12482695600197974,-0.30608152759295737,0.9095029478955516
1.4432613386044901,-0.529069490209976,-0.30608152759295737,-0.02545507494110098
0.6049917653394609,1.2736337028797369,-0.30608152759295737,0.9095029478955516
0.17753080926226888,0.42144673887369083,-0.30608152759295737,0.9095029478955516
-0.5252284466187471,-1.381256454216022,-0.30608152759295737,-0.9604130977777536
0.57178486276157,0.7819873774916334,-0.30608152759295737,-0.9604130977777536
-0.09746194303899826,-0.40888927733732844,-0.30608152759295737,0.9095029478955516
-0.3571773202124172,-0.9005356027254319,-0.30608152759295737,-0.9604130977777536
1.6441588215356937,1.9291621367305416,1.0019838686297755,0.9095029478955516
-0.6260591224625451,-0.7257280203652173,-0.30608152759295737,2.7794189935688567
0.0644782333161924,-0.7803553898527844,-0.30608152759295737,-0.02545507494110098
3.5232759622610192,1.7980564499603806,2.310049264852508,0.9095029478955516
-0.9071628248149516,-1.0207158155980793,-0.30608152759295737,-0.02545507494110098
0.14697605900657254,-0.7803553898527844,-0.30608152759295737,-0.9604130977777536
0.46780093669138423,0.4105212649761774,-0.30608152759295737,-0.02545507494110098
-0.425925508287734,-1.4468092976011024,-0.30608152759295737,-0.9604130977777536
-0.3266225699567209,0.4432976866687176,-0.30608152759295737,0.9095029478955516
0.360859310796447,0.48699958225877127,-0.30608152759295737,-0.9604130977777536
-0.7391116984086216,-0.03742316482187245,-0.30608152759295737,-0.9604130977777536
0.17753080926226888,0.9349440120568211,-0.30608152759295737,-0.9604130977777536
-1.029381825837737,-1.0425667633931062,-0.30608152759295737,-0.9604130977777536
-0.5634218844383676,-0.048348638719385856,-0.30608152759295737,0.9095029478955516
1.7358230723027828,1.3391865462648174,-0.30608152759295737,0.9095029478955516
-0.6386232357676874,-1.1736724501632672,-0.30608152759295737,0.9095029478955516
-1.1241015516303956,-1.3375545586259683,-0.30608152759295737,-0.9604130977777536
-0.08218456791115009,-1.1736724501632672,-0.30608152759295737,-0.9604130977777536
-0.45800799605621517,1.7652800282678403,-0.30608152759295737,-0.02545507494110098
-0.17384881867823915,-0.7585044420577576,-0.30608152759295737,0.9095029478955516
-0.9911883880181165,-0.7912808637502978,-0.30608152759295737,-0.9604130977777536
-0.12190574324355534,-0.5727713858000296,-0.30608152759295737,0.9095029478955516
0.8497353148875886,0.825689273081687,-0.30608152759295737,0.9095029478955516
3.3552248358546892,1.1097515944170357,3.6181146610752415,0.9095029478955516
-1.3425680159586246,-1.4249583498060756,-0.30608152759295737,-0.9604130977777536
1.1705601925724003,3.3494737434072848,2.310049264852508,0.9095029478955516
-0.00579769227190921,0.060906100255748254,-0.30608152759295737,-0.9604130977777536
0.17753080926226888,-1.326629084728455,-0.30608152759295737,-0.02545507494110098
-0.4152313456982403,-0.5946223335950565,2.310049264852508,-0.02545507494110098
0.2386403097736616,0.006278730768181197,-0.30608152759295737,-0.9604130977777536
1.583049321024301,2.6720943617614537,2.310049264852508,0.9095029478955516
-0.4305087208260885,-0.9660884461105124,-0.30608152759295737,-0.9604130977777536
0.5594651874584733,-0.2887090644646809,2.310049264852508,0.9095029478955516
-0.8124430990222928,-1.9166046751941792,-0.30608152759295737,-0.9604130977777536
-0.12801669329469462,1.0988261205195222,-0.30608152759295737,0.9095029478955516
-0.509951071490899,0.4432976866687176,-0.30608152759295737,-0.9604130977777536
5.371838352730649,2.0165659279106487,2.310049264852508,0.9095029478955516
-0.861330699431407,-0.22315622107960043,-0.30608152759295737,-0.9604130977777536
3.126064208936967,0.9240185381593077,1.0019838686297755,-0.02545507494110098
-0.3388444700589994,0.19201178702590918,-0.30608152759295737,0.9095029478955516
-0.6749467228716592,-0.3214854861572211,-0.30608152759295737,0.9095029478955516
-0.33273352000786016,-0.6273987552875966,-0.30608152759295737,-0.9604130977777536
1.1552828174445522,2.136746140783296,-0.30608152759295737,0.9095029478955516
-0.18301524375494804,-0.45259117292738205,-0.30608152759295737,0.9095029478955516
0.519744012126068,0.27395284125725977,-0.30608152759295737,0.9095029478955516
-0.11273931816684643,0.08275704805077508,-0.30608152759295737,-0.9604130977777536
5.5765551794438135,1.5358450764200586,3.6181146610752415,-0.9604130977777536
-0.2746794945220371,-1.1081196067781867,-0.30608152759295737,-0.9604130977777536
0.11947678377644583,-0.5399949641074894,-0.30608152759295737,-0.02545507494110098
1.2545857557755653,0.46514863446374444,-0.30608152759295737,0.9095029478955516
0.813069614580753,0.4105212649761774,-0.30608152759295737,0.9095029478955516
-0.20134809390836586,0.8366147469792005,-0.30608152759295737,-0.9604130977777536
-0.021075067399757386,-0.769429915955271,-0.30608152759295737,-0.02545507494110098
2.490296242991565,2.344330144836051,3.6181146610752415,0.9095029478955516
0.26858396502424403,0.2903410521035299,-0.30608152759295737,0.9095029478955516
-0.379060632345547,0.4432976866687176,-0.30608152759295737,0.9095029478955516
-0.43388502072934293,0.630123290316197,-0.30608152759295737,0.9095029478955516
0.8650126900154368,2.0384168757056758,-0.30608152759295737,0.9095029478955516
-0.7391116984086216,0.1952894291951632,-0.30608152759295737,0.9095029478955516
0.29974981028505426,-0.63832422918511,-0.30608152759295737,2.7794189935688567
-0.25023569431748,-0.7366534942627307,-0.30608152759295737,0.9095029478955516
-0.051629817655453734,-1.0534922372906197,-0.30608152759295737,0.9095029478955516
-0.1280472480449503,0.8584656947742273,-0.30608152759295737,0.9095029478955516
1.4608303200015156,1.7980564499603806,-0.30608152759295737,0.9095029478955516
0.40669143617999154,0.8475402208767139,-0.30608152759295737,-0.9604130977777536
-0.09125627326206633,-0.63832422918511,2.310049264852508,-0.9604130977777536
-0.7085569481529252,-1.5560640365762366,-0.30608152759295737,-0.9604130977777536
1.6288814464078456,1.2627082289822233,-0.30608152759295737,-0.9604130977777536
-0.8766080745592552,0.3340429476935835,-0.30608152759295737,-0.9604130977777536
-0.3266225699567209,-0.24500716887462726,-0.30608152759295737,0.9095029478955516
-0.2716240194964675,-0.5072185424149491,-0.30608152759295737,-0.9604130977777536
-0.861330699431407,-0.5509204380050028,-0.30608152759295737,0.9095029478955516
0.3578038357708774,-0.03742316482187245,-0.30608152759295737,-0.9604130977777536
-0.9743832753774835,-1.1081196067781867,-0.30608152759295737,-0.9604130977777536
0.9444550406802473,1.787130976062867,-0.30608152759295737,0.9095029478955516
0.19280818439011707,-0.048348638719385856,-0.30608152759295737,-0.9604130977777536
1.0788959418053112,-0.1903797993870602,-0.30608152759295737,-0.9604130977777536
-0.06996266780887155,0.48699958225877127,1.0019838686297755,-0.9604130977777536
-0.021075067399757386,0.2247882087184494,-0.30608152759295737,-0.9604130977777536
-0.1616269185759606,1.7215781326777868,-0.30608152759295737,0.9095029478955516
-0.8918854496871034,-0.22315622107960043,-0.30608152759295737,-0.9604130977777536
0.1164213087508762,-0.24500716887462726,-0.30608152759295737,-0.02545507494110098
1.515828870461769,-0.7475789681602442,-0.30608152759295737,-0.9604130977777536
0.19280818439011707,0.8912421164667674,-0.30608152759295737,-0.9604130977777536
0.1773780355109904,0.4105212649761774,-0.30608152759295737,0.9095029478955516
0.4830783118192324,0.399595791078664,-0.30608152759295737,0.9095029478955516
-0.1891261938060873,-0.7148025464677039,-0.30608152759295737,-0.9604130977777536
-0.647600221392811,-0.004646743129332213,-0.30608152759295737,0.9095029478955516
-0.8918854496871034,-1.009790341700566,-0.30608152759295737,-0.9604130977777536
-0.6016153222579881,0.35589389548861033,-0.30608152759295737,0.9095029478955516
-1.121046076604826,-0.3761128556447882,-0.30608152759295737,0.9095029478955516
-1.0904913263491296,-0.583696859697543,-0.30608152759295737,-0.02545507494110098
-0.3999539705703921,0.26849010430850306,-0.30608152759295737,0.9095029478955516
0.452523561563536,-0.397963803439815,-0.30608152759295737,0.9095029478955516
-0.8460533243035588,-0.20130527328457362,-0.30608152759295737,-0.9604130977777536
0.5441878123306251,1.5576960242150855,-0.30608152759295737,-0.02545507494110098
-0.8735525995336856,-0.08112506041192609,-0.30608152759295737,0.9095029478955516
-0.8766080745592552,-0.4853675946199223,-0.30608152759295737,0.9095029478955516
-0.00579769227190921,-0.878684654930405,-0.30608152759295737,0.9095029478955516
-0.18602488665513414,-0.6273987552875966,-0.30608152759295737,0.9095029478955516
0.10114393362302801,0.6071797951314188,-0.30608152759295737,-0.9604130977777536
-0.6170454711371147,0.2903410521035299,-0.30608152759295737,-0.9604130977777536
-0.2044035689339355,-0.0920505343094395,-0.30608152759295737,0.9095029478955516
0.5808535126374607,0.5962543212339054,4.926180057297974,1.8444609707322042
0.971954315910374,-0.2668581166696541,-0.30608152759295737,-0.02545507494110098
-0.4671744211329241,0.3012665260010433,-0.30608152759295737,-0.02545507494110098
0.3150271854129025,0.15923536533336896,-0.30608152759295737,-0.9604130977777536
-0.2044035689339355,-0.2996345383621943,-0.30608152759295737,0.9095029478955516
0.02475705798378714,0.03905515246072143,-0.30608152759295737,-0.9604130977777536
-0.7238343232807735,0.03905515246072143,-0.30608152759295737,-0.9604130977777536
0.7336272639159425,-0.6055478074925698,2.310049264852508,-0.02545507494110098
0.009479682855938965,-0.8568337071353782,-0.30608152759295737,-0.02545507494110098
-0.4503693084922911,0.9589800546313506,-0.30608152759295737,0.9095029478955516
0.17753080926226888,0.07183157415326166,-0.30608152759295737,-0.9604130977777536
2.3163633271610133,0.5307014778488249,-0.30608152759295737,-0.9604130977777536
-0.7391116984086216,-1.2173743457533208,-0.30608152759295737,-0.9604130977777536
-0.6474474476415326,-0.02103495397560233,-0.30608152759295737,0.9095029478955516
0.553354237407334,0.3340429476935835,-0.30608152759295737,-0.02545507494110098
5.283687898242964,2.0930442451932425,-0.30608152759295737,-0.9604130977777536
-0.1891261938060873,0.03905515246072143,-0.30608152759295737,0.9095029478955516
-0.14023859339697314,-1.3375545586259683,-0.30608152759295737,-0.9604130977777536
0.2539176849015098,-0.33241096005473453,-0.30608152759295737,2.7794189935688567
-0.2044035689339355,-0.026497690924359035,-0.30608152759295737,-0.9604130977777536
-0.8147347052914701,-0.6601751769801368,-0.30608152759295737,0.9095029478955516
-0.8827190246103944,-0.8896101288279185,-0.30608152759295737,-0.9604130977777536
0.26919506002935795,0.07183157415326166,-0.30608152759295737,-0.9604130977777536
0.3623870483092318,0.9021675903642808,-0.30608152759295737,-0.02545507494110098
-0.8552197493802678,-0.2777835905671675,-0.30608152759295737,-0.9604130977777536
4.905878411331279,2.770423626839074,4.926180057297974,0.9095029478955516
0.03086800803492641,-0.3105600122597077,-0.30608152759295737,-0.9604130977777536
2.6573543400145847,1.1534534900070894,4.926180057297974,0.9095029478955516
0.5930754127397393,-0.6820261247751637,-0.30608152759295737,-0.9604130977777536
-0.5710605720022917,-0.4307402251323552,-0.30608152759295737,-0.02545507494110098
-0.7238343232807735,-0.5946223335950565,-0.30608152759295737,-0.9604130977777536
-0.17385492962829027,-0.63832422918511,-0.30608152759295737,0.9095029478955516
1.5668247486385263,1.382888441854871,-0.30608152759295737,0.9095029478955516
-0.6336978100264692,-1.4140328759085623,-0.30608152759295737,0.9095029478955516
-0.2044035689339355,0.5416269517463383,-0.30608152759295737,0.9095029478955516
-0.7092291526585506,0.1286440384203314,-0.30608152759295737,0.9095029478955516
0.7733484392483477,0.8366147469792005,-0.30608152759295737,0.9095029478955516
-0.8170263115606473,-0.7366534942627307,-0.30608152759295737,0.9095029478955516
-0.8459005505522803,-1.4468092976011024,-0.30608152759295737,0.9095029478955516
0.07822787093125576,0.17016083923088235,-0.30608152759295737,0.9095029478955516
1.1400054423167039,1.885460241140488,-0.30608152759295737,0.9095029478955516
-0.7849438237921661,0.15923536533336896,-0.30608152759295737,0.9095029478955516
-0.2935073316295972,0.13738441753834213,-0.30608152759295737,0.9095029478955516
-0.7241398707833304,0.5197760039513115,-0.30608152759295737,-0.9604130977777536
1.2163923179559448,0.399595791078664,-0.30608152759295737,0.9095029478955516
1.7877661477374664,1.1316025422120626,-0.30608152759295737,0.9095029478955516
0.8955674402711331,3.065411422071936,-0.30608152759295737,0.9095029478955516
-0.769666448664318,-0.7475789681602442,-0.30608152759295737,-0.9604130977777536
-0.8918854496871034,-0.3870383295423016,-0.30608152759295737,-0.9604130977777536
-0.6107817473346969,0.19201178702590918,-0.30608152759295737,0.9095029478955516
1.4363865197969585,0.9349440120568211,-0.30608152759295737,0.9095029478955516
-0.4335641958516581,0.11553346974331531,-0.30608152759295737,-0.9604130977777536
-0.7009182605890012,-0.3214854861572211,-0.30608152759295737,-0.9604130977777536
-0.8399423742524196,-0.4198147512348418,-0.30608152759295737,-0.9604130977777536
0.10114393362302801,-0.6492497030826234,-0.30608152759295737,-0.9604130977777536
0.8191805646318923,-0.6601751769801368,-0.30608152759295737,-0.9604130977777536
0.9413995656546776,1.2080808594946564,2.310049264852508,0.9095029478955516
1.4455529448736675,1.6341743414976795,-0.30608152759295737,0.9095029478955516
1.7052683220470863,3.2183680566371238,-0.30608152759295737,0.9095029478955516
-0.9224401999427997,-0.6055478074925698,-0.30608152759295737,-0.9604130977777536
-1.0507701510167244,-0.048348638719385856,-0.30608152759295737,-0.9604130977777536
0.07058918336733166,0.11553346974331531,-0.30608152759295737,-0.9604130977777536
1.9955384494762016,1.4156648635474112,-0.30608152759295737,0.9095029478955516
-0.6168926973858362,0.7273600080040663,-0.30608152759295737,-0.9604130977777536
0.8344579397597404,1.120677068314549,-0.30608152759295737,0.9095029478955516
4.073261466863554,1.972864032320595,-0.30608152759295737,0.9095029478955516
0.14086510895543328,0.07183157415326166,-0.30608152759295737,0.9095029478955516
-0.7986934614072295,-0.2559326427721407,-0.30608152759295737,0.9095029478955516
-0.46411894610735444,-0.24500716887462726,-0.30608152759295737,-0.9604130977777536
-0.10051741806456789,-0.212230747182087,-0.30608152759295737,0.9095029478955516
-0.1567381585350492,1.3020399350132716,-0.30608152759295737,0.9095029478955516
0.33030456054075064,-0.8131318115453247,-0.30608152759295737,-0.9604130977777536
0.5289104372027769,-0.048348638719385856,4.926180057297974,2.7794189935688567
-0.03650521627888404,-0.9660884461105124,-0.30608152759295737,-0.02545507494110098
-0.8460533243035588,-1.2064488718558075,-0.30608152759295737,-0.9604130977777536
3.7066044637951974,0.25756463041098965,-0.30608152759295737,0.9095029478955516
1.8274873230698718,0.7164345341065529,1.0019838686297755,-0.02545507494110098
0.20808555951796523,0.19201178702590918,-0.30608152759295737,-0.9604130977777536
0.03920639937970594,-0.11390148210446632,-0.30608152759295737,0.9095029478955516
-0.4488415709795063,-0.3105600122597077,2.310049264852508,-0.9604130977777536
-0.6138372223602666,-0.8022063376478112,-0.30608152759295737,-0.02545507494110098
-0.8475810618163436,-0.07019958651441267,-0.30608152759295737,-0.9604130977777536
-0.4488415709795063,0.5634778995413652,-0.30608152759295737,-0.02545507494110098
0.29974981028505426,-0.15760337769451996,-0.30608152759295737,-0.9604130977777536
-0.34189994508456906,-0.34333643395224794,-0.30608152759295737,-0.9604130977777536
-0.40300944559596175,-0.46351664682489546,-0.30608152759295737,-0.9604130977777536
-0.9835497004541924,-1.009790341700566,-0.30608152759295737,-0.02545507494110098
3.309392710471145,0.9349440120568211,-0.30608152759295737,0.9095029478955516
-0.4167590832110251,-0.8459082332378649,-0.30608152759295737,0.9095029478955516
0.27836148510606684,0.25756463041098965,3.6181146610752415,-0.9604130977777536
-0.7514863722621786,-1.0207158155980793,-0.30608152759295737,-0.9604130977777536
1.5281454902898401,2.1695225624758367,-0.30608152759295737,0.9095029478955516
0.19280818439011707,0.7382854819015797,-0.30608152759295737,-0.9604130977777536
-0.8766080745592552,-1.3157036108309415,-0.30608152759295737,0.9095029478955516
-0.20745904395950512,-0.6492497030826234,-0.30608152759295737,0.9095029478955516
-0.5252284466187471,-1.381256454216022,-0.30608152759295737,-0.9604130977777536
-0.7757773987154573,-0.6601751769801368,-0.30608152759295737,0.9095029478955516
-1.3502067035225487,-1.5997659321662903,-0.30608152759295737,-0.9604130977777536
1.858042073325568,1.5904724459076258,-0.30608152759295737,0.9095029478955516
0.17753080926226888,0.9567949598518479,-0.30608152759295737,0.9095029478955516
-0.08218456791115009,0.6727326385164992,-0.30608152759295737,-0.9604130977777536
-0.6016153222579881,-0.0920505343094395,-0.30608152759295737,0.9095029478955516
1.323333943850882,0.43237221277120425,4.926180057297974,0.9095029478955516
0.9413995656546776,0.37774484328363717,-0.30608152759295737,0.9095029478955516
-0.3113757495791284,-0.212230747182087,-0.30608152759295737,0.9095029478955516
0.039881659360356835,0.9021675903642808,-0.30608152759295737,0.9095029478955516
0.19280818439011707,0.5307014778488249,-0.30608152759295737,0.9095029478955516
0.2050300844923956,-0.5399949641074894,-0.30608152759295737,2.7794189935688567
-0.3571773202124172,-0.7912808637502978,-0.30608152759295737,2.7794189935688567
-0.4338697433542151,-0.7803553898527844,-0.30608152759295737,-0.02545507494110098
1.4761076951293637,2.4535848838111853,-0.30608152759295737,0.9095029478955516
5.530588613159145,3.1528152132520435,1.0019838686297755,0.9095029478955516
-0.06692247015842975,0.5088505300537981,-0.30608152759295737,0.9095029478955516
0.2539176849015098,-0.9005356027254319,-0.30608152759295737,-0.9604130977777536
0.17753080926226888,0.213862734820936,-0.30608152759295737,0.9095029478955516
2.01081582460405,0.6290307429264456,-0.30608152759295737,0.9095029478955516
3.6546613883605135,0.8693911686717406,-0.30608152759295737,0.9095029478955516
0.39446953607771296,1.0988261205195222,-0.30608152759295737,-0.02545507494110098
-0.25176343183026484,-0.7148025464677039,-0.30608152759295737,-0.9604130977777536
-0.13107216832026425,-0.63832422918511,-0.30608152759295737,2.7794189935688567
2.2552538266496205,1.1316025422120626,4.926180057297974,-0.02545507494110098
-0.4488415709795063,-0.7038770725701905,-0.30608152759295737,-0.9604130977777536
0.9780347112112575,1.6068606567538959,-0.30608152759295737,0.9095029478955516
-0.4870350087991267,-1.0207158155980793,-0.30608152759295737,-0.9604130977777536
-0.41843959447508844,0.23571368261596282,-0.30608152759295737,-0.9604130977777536
-0.03635244252760556,-0.878684654930405,-0.30608152759295737,-0.9604130977777536
-1.0599365760934334,-1.0207158155980793,-0.30608152759295737,-0.9604130977777536
0.6282133755337901,0.24663915651347623,-0.30608152759295737,0.9095029478955516
-1.0446897557158408,-1.1190450806757002,-0.30608152759295737,-0.9604130977777536
0.021090487953103577,-0.5072185424149491,-0.30608152759295737,-0.02545507494110098
1.0025090661660703,1.0004968554419016,-0.30608152759295737,-0.02545507494110098
0.14086510895543328,-0.2887090644646809,-0.30608152759295737,0.9095029478955516
0.712238938736955,2.158597088578323,-0.30608152759295737,0.9095029478955516
0.3914140610521433,2.103969719090756,-0.30608152759295737,0.9095029478955516
-0.2960678197010245,-0.9660884461105124,-0.30608152759295737,0.9095029478955516
-0.7391116984086216,0.08275704805077508,-0.30608152759295737,-0.9604130977777536
-0.1891261938060873,-0.4853675946199223,-0.30608152759295737,-0.9604130977777536
-0.7391116984086216,-1.3047781369334281,-0.30608152759295737,-0.02545507494110098
-0.5557831968744436,-0.35426190784976136,-0.30608152759295737,0.9095029478955516
-0.045518867604314464,0.9567949598518479,-0.30608152759295737,-0.9604130977777536
1.0177864412939186,-0.33241096005473453,-0.30608152759295737,-0.9604130977777536
-0.8429978492779892,-0.14121516684824986,-0.30608152759295737,0.9095029478955516
0.9902871660637917,2.0384168757056758,-0.30608152759295737,0.9095029478955516
-0.6292673712393932,-1.4468092976011024,-0.30608152759295737,-0.9604130977777536
-0.9988270755820405,-1.2720017152408878,-0.30608152759295737,-0.9604130977777536
-0.18607071878051767,0.1767161235693904,-0.30608152759295737,0.9095029478955516
-0.6780021978972289,0.1046079958458019,-0.30608152759295737,-0.9604130977777536
-0.7543890735364698,-0.20130527328457362,-0.30608152759295737,-0.02545507494110098
-0.7543890735364698,-0.529069490209976,-0.30608152759295737,0.9095029478955516
-0.6780021978972289,-1.0971941328806734,-0.30608152759295737,-0.9604130977777536
0.7275163138648032,0.5197760039513115,2.310049264852508,-0.9604130977777536
-0.3189838823927968,-0.6929515986726771,-0.30608152759295737,0.9095029478955516
-0.3021787697521638,-0.5181440163124625,-0.30608152759295737,-0.02545507494110098
0.10114393362302801,0.3012665260010433,-0.30608152759295737,0.9095029478955516
-0.9071628248149516,-0.6820261247751637,-0.30608152759295737,-0.9604130977777536
-0.28079044457317637,-0.14667790379700654,-0.30608152759295737,0.9095029478955516
-0.01801959237418775,-1.0862686589831598,-0.30608152759295737,0.9095029478955516
0.43724618643568786,-0.10297600820695291,-0.30608152759295737,0.9095029478955516
-0.5160620215420383,-0.583696859697543,-0.30608152759295737,0.9095029478955516
-0.28079044457317637,-0.7038770725701905,-0.30608152759295737,-0.9604130977777536
0.3150271854129025,0.6181052690289323,-0.30608152759295737,0.9095029478955516
2.2399764515217724,1.9073111889355148,3.6181146610752415,0.9095029478955516
-0.952994950198496,-0.8022063376478112,-0.30608152759295737,-0.9604130977777536
0.15614248408328144,-0.3214854861572211,-0.30608152759295737,0.9095029478955516
0.04920085818834422,-0.5946223335950565,-0.30608152759295737,-0.9604130977777536
-0.011144773566656071,0.5088505300537981,3.6181146610752415,0.9095029478955516
-0.2044035689339355,0.42144673887369083,-0.30608152759295737,-0.9604130977777536
-1.0142572244611672,-1.0316412894955929,-0.30608152759295737,-0.9604130977777536
-0.40300944559596175,-0.7366534942627307,-0.30608152759295737,0.9095029478955516
3.343002935752411,1.0769751727244954,1.0019838686297755,0.9095029478955516
0.3914140610521433,0.8038383252866602,-0.30608152759295737,0.9095029478955516
0.8527907899131583,0.6945835863115261,-0.30608152759295737,-0.9604130977777536
0.37613668592429517,0.7382854819015797,-0.30608152759295737,-0.9604130977777536
-0.6199481724114059,-0.7366534942627307,-0.30608152759295737,0.9095029478955516
0.27377827256771237,0.4432976866687176,-0.30608152759295737,-0.02545507494110098
0.08586655849517984,-0.529069490209976,3.6181146610752415,-0.9604130977777536
-0.32051161990558164,0.1046079958458019,-0.30608152759295737,-0.9604130977777536
0.0018409952920148773,-0.0920505343094395,-0.30608152759295737,0.9095029478955516
-0.9545226877112809,-0.9770139200080258,-0.30608152759295737,-0.9604130977777536
-1.1347957142198895,-1.1627469762657539,-0.30608152759295737,-0.9604130977777536
-0.459535733569,-0.22315622107960043,-0.30608152759295737,0.9095029478955516
-0.7498822478737546,-0.6601751769801368,-0.30608152759295737,0.9095029478955516
2.7746845809964586,1.7980564499603806,-0.30608152759295737,0.9095029478955516
1.059188127890387,1.5467705503175722,-0.30608152759295737,0.9095029478955516
2.4996918286951915,3.6116851169476067,-0.30608152759295737,0.9095029478955516
-0.6535583976926719,0.13738441753834213,-0.30608152759295737,-0.02545507494110098
-0.7391116984086216,-0.03742316482187245,-0.30608152759295737,0.9095029478955516
-0.12801669329469462,-0.44166569902986863,-0.30608152759295737,0.9095029478955516
-0.14385933130227316,-0.23408169497711384,-0.30608152759295737,0.9095029478955516
-0.5007846464141901,-0.5716788384102782,-0.30608152759295737,2.7794189935688567
-0.11273931816684643,-1.1627469762657539,-0.30608152759295737,0.9095029478955516
0.4219688113078397,0.2247882087184494,-0.30608152759295737,0.9095029478955516
-0.5802300525540262,0.26849010430850306,-0.30608152759295737,0.9095029478955516
-0.09746194303899826,-0.769429915955271,-0.30608152759295737,2.7794189935688567
2.3163633271610133,0.25756463041098965,-0.30608152759295737,0.9095029478955516
-0.5130065465164686,-0.9442374983154855,-0.30608152759295737,0.9095029478955516
-0.09776749054155523,0.9895713815443882,-0.30608152759295737,0.9095029478955516
-0.952994950198496,-1.0753431850856465,-0.30608152759295737,0.9095029478955516
-0.04338003508641572,0.7601364296966066,-0.30608152759295737,-0.9604130977777536
-0.317456144880012,-0.9333120244179721,-0.30608152759295737,2.7794189935688567
1.0941733169331593,1.1534534900070894,-0.30608152759295737,0.9095029478955516
1.799988047839745,0.7273600080040663,3.6181146610752415,-0.9604130977777536
-0.31440066985444237,0.48699958225877127,-0.30608152759295737,0.9095029478955516
-0.693279573025077,-1.140896028470727,-0.30608152759295737,-0.9604130977777536
0.6816841884812587,0.9677204337493613,-0.30608152759295737,0.9095029478955516
-0.6413364975903932,-0.004646743129332213,-0.30608152759295737,-0.9604130977777536
0.17753080926226888,-0.24500716887462726,-0.30608152759295737,-0.02545507494110098
-0.4992569089014053,0.8038383252866602,-0.30608152759295737,0.9095029478955516
-1.0752139512212815,-1.326629084728455,-0.30608152759295737,-0.9604130977777536
0.3150271854129025,0.7929128513891468,-0.30608152759295737,0.9095029478955516
0.7275163138648032,0.47607410836125785,-0.30608152759295737,0.9095029478955516
-0.5252284466187471,-0.6055478074925698,-0.30608152759295737,0.9095029478955516
1.0177864412939186,1.0769751727244954,2.310049264852508,0.9095029478955516
1.549439095743035,2.8578274180191814,-0.30608152759295737,0.9095029478955516
-0.19218166883165694,-0.8568337071353782,-0.30608152759295737,-0.9604130977777536
-0.9071628248149516,0.5197760039513115,-0.30608152759295737,-0.9604130977777536
0.0003132577792300599,-1.1518215023682403,-0.30608152759295737,-0.9604130977777536
0.0476731206755594,-0.33241096005473453,-0.30608152759295737,0.9095029478955516
-0.1891261938060873,-1.1627469762657539,-0.30608152759295737,-0.9604130977777536
-0.6474474476415326,0.1046079958458019,-0.30608152759295737,-0.9604130977777536
-1.1668782019883706,-0.8459082332378649,-0.30608152759295737,-0.02545507494110098
0.469328674204169,0.42144673887369083,1.0019838686297755,-0.9604130977777536
-0.9361898375578631,0.23571368261596282,-0.30608152759295737,-0.9604130977777536
-0.6581416102310262,-1.1627469762657539,-0.30608152759295737,-0.9604130977777536
-0.7391116984086216,0.08275704805077508,-0.30608152759295737,0.9095029478955516
-0.8399423742524196,-0.7912808637502978,-0.30608152759295737,-0.02545507494110098
-0.7617222135978369,-0.6601751769801368,-0.30608152759295737,-0.9604130977777536
-0.5496722468233043,-0.34333643395224794,-0.30608152759295737,0.9095029478955516
1.6670748842274659,0.25756463041098965,-0.30608152759295737,-0.02545507494110098
-0.5632324449867823,-0.9988648678030526,-0.30608152759295737,0.9095029478955516
0.7577655166179426,1.4156648635474112,-0.30608152759295737,-0.9604130977777536
-0.08829551796228935,-0.34333643395224794,-0.30608152759295737,0.9095029478955516
-0.6291145974881147,0.6945835863115261,-0.30608152759295737,-0.9604130977777536
0.05531180823948349,-0.1903797993870602,-0.30608152759295737,-0.9604130977777536
1.858042073325568,1.863609293345461,-0.30608152759295737,0.9095029478955516
-0.40300944559596175,-0.07019958651441267,-0.30608152759295737,-0.9604130977777536
-0.5206452340803928,-0.5181440163124625,-0.30608152759295737,-0.9604130977777536
-0.5313393966698864,-0.026497690924359035,-0.30608152759295737,-0.9604130977777536
0.33030456054075064,1.7434290804728134,-0.30608152759295737,-0.9604130977777536
-0.7117651969297734,-0.22315622107960043,2.310049264852508,0.9095029478955516
-0.3113451948288727,-0.2887090644646809,2.310049264852508,0.9095029478955516
0.26919506002935795,0.18108631312839576,-0.30608152759295737,0.9095029478955516
-0.9562031989753442,-1.009790341700566,-0.30608152759295737,-0.9604130977777536
0.7336272639159425,3.436877534587392,-0.30608152759295737,0.9095029478955516
-0.9071628248149516,-0.5727713858000296,-0.30608152759295737,0.9095029478955516
-0.40300944559596175,0.47607410836125785,-0.30608152759295737,0.9095029478955516
-0.3493858588972147,-1.3594055064209951,-0.30608152759295737,-0.9604130977777536
-0.9377175750706479,-1.2064488718558075,-0.30608152759295737,-0.9604130977777536
-1.0141044507098889,-1.2720017152408878,-0.30608152759295737,-0.9604130977777536
-0.17384881867823915,-0.24500716887462726,-0.30608152759295737,-0.9604130977777536
-0.40300944559596175,-0.878684654930405,-0.30608152759295737,-0.02545507494110098
-0.3266225699567209,0.11553346974331531,-0.30608152759295737,-0.9604130977777536
-0.7391116984086216,-1.064417711188133,-0.30608152759295737,-0.9604130977777536
-0.2655130694453282,1.437515811342438,-0.30608152759295737,0.9095029478955516
-1.0141044507098889,-1.1518215023682403,-0.30608152759295737,-0.9604130977777536
1.5524945707686046,0.13738441753834213,-0.30608152759295737,-0.02545507494110098
-0.25512445435839143,-0.23408169497711384,-0.30608152759295737,-0.9604130977777536
-0.46411894610735444,-1.0316412894955929,-0.30608152759295737,-0.9604130977777536
-1.2028533649394273,-0.7912808637502978,-0.30608152759295737,-0.9604130977777536
0.5185218221158402,1.5904724459076258,-0.30608152759295737,1.8444609707322042
0.846679839862019,1.149083300448084,3.6181146610752415,0.9095029478955516
0.21725198459467415,-1.0425667633931062,1.0019838686297755,-0.02545507494110098
0.15415642531666118,-0.6055478074925698,-0.30608152759295737,-0.9604130977777536
-0.9468840001473567,-0.7257280203652173,-0.30608152759295737,-0.9604130977777536
-0.8918854496871034,-1.0753431850856465,-0.30608152759295737,-0.9604130977777536
-1.3043745781390041,-1.064417711188133,-0.30608152759295737,-0.9604130977777536
1.7511004474306309,1.1534534900070894,-0.30608152759295737,-0.9604130977777536
0.13169868387872435,0.5525524256438518,-0.30608152759295737,0.9095029478955516
0.1164213087508762,-0.20130527328457362,-0.30608152759295737,-0.9604130977777536
-1.1516008268605222,-1.3921819281135355,-0.30608152759295737,-0.9604130977777536
-0.34189994508456906,-0.6273987552875966,-0.30608152759295737,-0.9604130977777536
-0.4855072712863419,-0.03742316482187245,-0.30608152759295737,-0.9604130977777536
1.9955384494762016,2.005640454013135,-0.30608152759295737,0.9095029478955516
-1.0400759884272306,-0.878684654930405,-0.30608152759295737,-0.02545507494110098
0.452523561563536,1.197155385597143,-0.30608152759295737,0.9095029478955516
-0.6627248227693807,-1.4468092976011024,-0.30608152759295737,-0.9604130977777536
-0.509951071490899,-0.5072185424149491,-0.30608152759295737,-0.9604130977777536
0.17753080926226888,0.13738441753834213,-0.30608152759295737,0.9095029478955516
-0.6168926973858362,-0.004646743129332213,-0.30608152759295737,-0.9604130977777536
1.0636185666774631,0.2029372609234226,-0.30608152759295737,2.7794189935688567
-0.3877320704681136,-0.22315622107960043,-0.30608152759295737,0.9095029478955516
-0.8766080745592552,-0.6273987552875966,-0.30608152759295737,-0.9604130977777536
-0.03635244252760556,-0.3706501186960315,-0.30608152759295737,0.9095029478955516
-0.22579189411292294,-0.3214854861572211,-0.30608152759295737,-0.9604130977777536
1.3080565687230339,1.5030686547275185,2.310049264852508,0.9095029478955516
0.17447533423669925,0.47607410836125785,-0.30608152759295737,-0.9604130977777536
-0.4350919333644429,-0.8349827593403515,-0.30608152759295737,-0.02545507494110098
5.854603406770651,4.780710823981542,-0.30608152759295737,0.9095029478955516
2.026093199731898,1.120677068314549,-0.30608152759295737,0.9095029478955516
-0.6627248227693807,-1.4358838237035891,-0.30608152759295737,-0.9604130977777536
1.812973816698416,5.676599683577641,-0.30608152759295737,0.9095029478955516
0.07975560844404057,0.7273600080040663,2.310049264852508,-0.9604130977777536
-0.07607361786001081,-0.22315622107960043,-0.30608152759295737,-0.9604130977777536
-0.21983371781306213,0.4432976866687176,-0.30608152759295737,0.9095029478955516
3.4621664617496264,1.492143180830005,4.926180057297974,0.9095029478955516
5.005181349662292,2.8250509963266413,3.6181146610752415,0.9095029478955516
0.2478067348503705,-0.08112506041192609,-0.30608152759295737,-0.9604130977777536
0.5441878123306251,0.3121919998985567,-0.30608152759295737,0.9095029478955516
-1.029381825837737,-1.0316412894955929,-0.30608152759295737,-0.9604130977777536
-1.2035439022952061,-1.6325423538588304,-0.30608152759295737,-0.9604130977777536
1.246947068211641,1.4812177069324917,-0.30608152759295737,-0.9604130977777536
-0.41828682072380996,-1.2173743457533208,-0.30608152759295737,-0.02545507494110098
-0.760500023587609,-0.23408169497711384,-0.30608152759295737,0.9095029478955516
0.02475705798378714,0.399595791078664,-0.30608152759295737,0.9095029478955516
-0.3266225699567209,0.02812967856320802,-0.30608152759295737,0.9095029478955516
-0.5710605720022917,0.9567949598518479,-0.30608152759295737,0.9095029478955516
0.4005804861288522,0.77106190359412,-0.30608152759295737,0.9095029478955516
-0.2808209993234321,0.6071797951314188,-0.30608152759295737,0.9095029478955516
-0.894940924712673,-1.1299705545732135,-0.30608152759295737,0.9095029478955516
-0.4946736963630508,-0.1532331881355146,-0.30608152759295737,-0.9604130977777536
0.6664220907285383,1.0551242249294686,-0.30608152759295737,0.9095029478955516
0.40546924616976365,0.5307014778488249,-0.30608152759295737,0.9095029478955516
0.8252915146830315,1.3610374940598442,-0.30608152759295737,0.9095029478955516
-0.6367838398022946,0.13738441753834213,-0.30608152759295737,0.9095029478955516
-0.6780021978972289,-0.7366534942627307,-0.30608152759295737,0.9095029478955516
1.3966653444645531,1.0988261205195222,-0.30608152759295737,0.9095029478955516
0.8191805646318923,0.6290307429264456,-0.30608152759295737,-0.9604130977777536
-0.4337169696029366,-0.16852885159203337,-0.30608152759295737,-0.9604130977777536
0.02475705798378714,-0.16852885159203337,3.6181146610752415,0.9095029478955516
-0.769666448664318,-0.1903797993870602,-0.30608152759295737,-0.9604130977777536
-0.945356262634572,-0.20130527328457362,-0.30608152759295737,-0.9604130977777536
2.4844144535673434,1.5576960242150855,2.310049264852508,-0.9604130977777536
0.07058918336733166,0.4105212649761774,-0.30608152759295737,0.9095029478955516
0.6356992893464356,0.8584656947742273,-0.30608152759295737,-0.9604130977777536
0.5457155498434099,1.3391865462648174,-0.30608152759295737,0.9095029478955516
-0.10662836811570717,0.017204204665694608,-0.30608152759295737,-0.9604130977777536
1.366110594208857,2.0821187712957294,-0.30608152759295737,0.9095029478955516
-0.2410692692407711,-0.15760337769451996,-0.30608152759295737,0.9095029478955516
-0.7085569481529252,-0.7257280203652173,-0.30608152759295737,-0.9604130977777536
-0.7879992988177358,-0.2668581166696541,-0.30608152759295737,-0.9604130977777536
0.5976586252780937,0.213862734820936,-0.30608152759295737,0.9095029478955516
0.0828110834696102,0.1046079958458019,-0.30608152759295737,-0.02545507494110098
0.4830783118192324,-0.7803553898527844,-0.30608152759295737,0.9095029478955516
0.360859310796447,-0.9660884461105124,-0.30608152759295737,-0.9604130977777536
-0.8154985740478625,-0.10297600820695291,-0.30608152759295737,0.9095029478955516
0.08586655849517984,2.049342349603189,2.310049264852508,0.9095029478955516
-1.1974329522440668,-1.7854989884240182,-0.30608152759295737,-0.02545507494110098
-0.5680050969767221,-0.583696859697543,-0.30608152759295737,0.9095029478955516
0.20808555951796523,0.5525524256438518,-0.30608152759295737,0.9095029478955516
-0.13168326332537816,-0.8459082332378649,-0.30608152759295737,-0.9604130977777536
-0.9635363390367113,-1.2392252935483477,-0.30608152759295737,-0.9604130977777536
0.4601622491274601,1.7325036065753001,-0.30608152759295737,0.9095029478955516
-0.8918854496871034,-1.2392252935483477,-0.30608152759295737,-0.9604130977777536
0.360859310796447,0.42144673887369083,-0.30608152759295737,0.9095029478955516
-0.7543890735364698,-1.4468092976011024,-0.30608152759295737,-0.9604130977777536
-1.1823083508674972,-0.5727713858000296,-0.30608152759295737,-0.9604130977777536
-0.40568604171836076,1.306410124572277,-0.30608152759295737,0.9095029478955516
-0.7788328737410268,-0.4307402251323552,-0.30608152759295737,-0.9604130977777536
0.8191805646318923,-0.13575242989949315,4.926180057297974,-0.9604130977777536
-0.051629817655453734,0.8584656947742273,-0.30608152759295737,-0.9604130977777536
-0.051629817655453734,-0.45259117292738205,-0.30608152759295737,-0.9604130977777536
-0.8154985740478625,-1.009790341700566,-0.30608152759295737,-0.9604130977777536
0.1255877338275851,0.5197760039513115,1.0019838686297755,0.9095029478955516
-0.9287039237452175,-0.7257280203652173,-0.30608152759295737,-0.9604130977777536
1.5983266961521492,2.333404670938538,-0.30608152759295737,0.9095029478955516
0.41891333628227007,-0.026497690924359035,-0.30608152759295737,-0.02545507494110098
2.820516706380003,2.3006282492459973,3.6181146610752415,0.9095029478955516
-0.40300944559596175,-0.5072185424149491,-0.30608152759295737,-0.9604130977777536
-0.7207788482552038,-0.7366534942627307,-0.30608152759295737,-0.9604130977777536
-0.9988270755820405,-0.2887090644646809,-0.30608152759295737,-0.02545507494110098
0.16210066038314222,0.6508816907214724,-0.30608152759295737,0.9095029478955516
2.1635895758825314,0.8693911686717406,3.6181146610752415,-0.9604130977777536
-0.7238343232807735,-0.35426190784976136,-0.30608152759295737,-0.9604130977777536
-0.3571773202124172,-0.878684654930405,-0.30608152759295737,-0.9604130977777536
-0.9988270755820405,-0.3870383295423016,-0.30608152759295737,-0.9604130977777536
-0.1891261938060873,0.46514863446374444,-0.30608152759295737,-0.9604130977777536
0.02475705798378714,0.02812967856320802,-0.30608152759295737,-0.9604130977777536
0.6358520630977141,0.9786459076468748,-0.30608152759295737,0.9095029478955516
-1.2367752486733015,-1.2720017152408878,-0.30608152759295737,-0.9604130977777536
0.9108448153989813,0.719712176275807,-0.30608152759295737,0.9095029478955516
0.2533065898963958,0.13738441753834213,-0.30608152759295737,-0.9604130977777536
0.26919506002935795,-0.45259117292738205,-0.30608152759295737,-0.9604130977777536
0.14697605900657254,0.5744033734388786,-0.30608152759295737,-0.9604130977777536
0.1773780355109904,-0.3214854861572211,-0.30608152759295737,2.7794189935688567
-0.7394783554116899,-0.7257280203652173,-0.30608152759295737,0.9095029478955516
-0.4335641958516581,-0.397963803439815,-0.30608152759295737,-0.9604130977777536
0.05531180823948349,-0.1794543254895468,-0.30608152759295737,0.9095029478955516
-0.9560504252240657,-0.12482695600197974,-0.30608152759295737,-0.9604130977777536
-0.051629817655453734,1.6888017109852465,-0.30608152759295737,0.9095029478955516
0.5961308877653089,0.18108631312839576,-0.30608152759295737,-0.9604130977777536
0.4219688113078397,-0.3761128556447882,-0.30608152759295737,-0.9604130977777536
0.2844724351572061,1.0441987510319553,-0.30608152759295737,0.9095029478955516
0.6052973128420178,1.3501120201623307,-0.30608152759295737,0.9095029478955516
-0.6306423350008996,-0.8240572854428381,-0.30608152759295737,0.9095029478955516
-0.8307759491757106,-0.5072185424149491,-0.30608152759295737,-0.9604130977777536
1.5127733954361995,2.530063201093779,-0.30608152759295737,0.9095029478955516
-0.28079044457317637,0.7929128513891468,-0.30608152759295737,-0.9604130977777536
-0.49772917138862044,-0.6492497030826234,-0.30608152759295737,0.9095029478955516
-0.22579189411292294,-0.026497690924359035,-0.30608152759295737,-0.9604130977777536
-0.6734189853588745,-1.5232876148836962,-0.30608152759295737,-0.9604130977777536
-0.3021787697521638,-0.22315622107960043,-0.30608152759295737,0.9095029478955516
-0.6168926973858362,-0.5727713858000296,-0.30608152759295737,-0.9604130977777536
-0.21968094406178365,0.2794155782060165,-0.30608152759295737,0.9095029478955516
0.009479682855938965,0.6945835863115261,-0.30608152759295737,0.9095029478955516
-0.3877320704681136,-0.3105600122597077,-0.30608152759295737,-0.02545507494110098
0.17447533423669925,0.4979250561562847,-0.30608152759295737,-0.9604130977777536
0.6633513383278409,-0.026497690924359035,-0.30608152759295737,-0.9604130977777536
-0.7391116984086216,-0.33241096005473453,-0.30608152759295737,-0.9604130977777536
3.4804993119030443,2.9561566830968022,1.0019838686297755,0.9095029478955516
-0.5588386719000131,-0.6273987552875966,-0.30608152759295737,-0.9604130977777536
0.02475705798378714,-0.7475789681602442,-0.30608152759295737,-0.02545507494110098
-0.4488415709795063,-1.3047781369334281,-0.30608152759295737,-0.9604130977777536
-0.1707933436526695,1.568621498112599,-0.30608152759295737,0.9095029478955516
-1.0843803762979904,-1.4031074020110488,-0.30608152759295737,-0.9604130977777536
0.5898671639628912,2.3552556187335645,-0.30608152759295737,0.9095029478955516
-0.7879992988177358,-0.6820261247751637,-0.30608152759295737,-0.9604130977777536
0.47085641171695386,1.6669507631902196,-0.30608152759295737,0.9095029478955516
-0.4946736963630508,-1.4686602453961293,-0.30608152759295737,-0.9604130977777536
0.2539176849015098,-0.5727713858000296,-0.30608152759295737,-0.02545507494110098
-0.8857744996359641,-1.0971941328806734,-0.30608152759295737,-0.9604130977777536
0.05531180823948349,-1.2173743457533208,-0.30608152759295737,-0.9604130977777536
-0.4488415709795063,-0.16852885159203337,-0.30608152759295737,-0.9604130977777536
1.0941733169331593,0.11553346974331531,-0.30608152759295737,0.9095029478955516
6.532918862447109,2.366181092631078,-0.30608152759295737,0.9095029478955516
0.2539176849015098,1.1316025422120626,-0.30608152759295737,-0.9604130977777536
0.1164213087508762,-0.2996345383621943,-0.30608152759295737,-0.9604130977777536
-0.7116124231784949,-0.15760337769451996,-0.30608152759295737,-0.9604130977777536
-0.3968984955448225,1.3501120201623307,-0.30608152759295737,0.9095029478955516
-0.14329406842254278,0.585328847336392,-0.30608152759295737,-0.9604130977777536
-0.9988270755820405,-1.009790341700566,-0.30608152759295737,-0.9604130977777536
0.6098805253803723,0.02812967856320802,-0.30608152759295737,-0.9604130977777536
0.6327965880721445,0.7601364296966066,-0.30608152759295737,0.9095029478955516
0.36070653704516853,1.5139941286250318,-0.30608152759295737,0.9095029478955516
-0.03635244252760556,-0.3651873817472748,-0.30608152759295737,0.9095029478955516
0.6327965880721445,0.6290307429264456,-0.30608152759295737,0.9095029478955516
5.436003328267611,3.994076703360576,-0.30608152759295737,0.9095029478955516
0.16225343413442073,1.754354554370327,-0.30608152759295737,0.9095029478955516
-0.16773786862709986,0.454223160566231,-0.30608152759295737,0.9095029478955516
0.6664068133534105,1.2845591767772502,-0.30608152759295737,2.7794189935688567
2.133034825626835,3.6116851169476067,2.310049264852508,0.9095029478955516
-0.3266225699567209,0.46514863446374444,-0.30608152759295737,0.9095029478955516
-0.5101038452421774,-0.8022063376478112,-0.30608152759295737,2.7794189935688567
-0.3113451948288727,-0.9333120244179721,-0.30608152759295737,2.7794189935688567
-0.5557831968744436,0.2794155782060165,-0.30608152759295737,0.9095029478955516
1.0300083413961971,1.3501120201623307,-0.30608152759295737,0.9095029478955516
3.080232083553422,4.310915446388465,-0.30608152759295737,0.9095029478955516
-0.11273931816684643,-0.9660884461105124,-0.30608152759295737,-0.9604130977777536
0.009479682855938965,0.880316642569254,2.310049264852508,-0.9604130977777536
0.17753080926226888,0.3121919998985567,-0.30608152759295737,-0.9604130977777536
0.712238938736955,0.9349440120568211,-0.30608152759295737,-0.02545507494110098
0.5594651874584733,-0.1903797993870602,-0.30608152759295737,-0.9604130977777536
0.20808555951796523,0.5197760039513115,-0.30608152759295737,-0.9604130977777536
-0.5863379471301399,-1.0425667633931062,-0.30608152759295737,-0.02545507494110098
-0.40300944559596175,-0.7148025464677039,-0.30608152759295737,-0.9604130977777536
0.29669433525948463,-0.3105600122597077,-0.30608152759295737,-0.9604130977777536
-0.31440066985444237,-0.6164732813900832,-0.30608152759295737,-0.9604130977777536
-0.1281694670459731,-0.6601751769801368,-0.30608152759295737,-0.9604130977777536
0.7886258143761959,0.1046079958458019,-0.30608152759295737,0.9095029478955516
-0.5863379471301399,0.7382854819015797,-0.30608152759295737,0.9095029478955516
-0.803276673945584,-1.5888404582687767,-0.30608152759295737,-0.9604130977777536
-0.7688842470577721,-0.44166569902986863,-0.30608152759295737,0.9095029478955516
-0.5710605720022917,-0.015572217026845624,-0.30608152759295737,0.9095029478955516
-0.8521642743546981,-0.5946223335950565,-0.30608152759295737,-0.9604130977777536
1.0330638164217667,0.5634778995413652,-0.30608152759295737,0.9095029478955516
-0.3525941076740628,0.6290307429264456,-0.30608152759295737,0.9095029478955516
0.5900199377141696,0.7601364296966066,-0.30608152759295737,0.9095029478955516
0.5441878123306251,1.3282610723673038,2.310049264852508,0.9095029478955516
-0.8460533243035588,-0.6492497030826234,-0.30608152759295737,0.9095029478955516
0.9108448153989813,1.8745347672429744,-0.30608152759295737,0.9095029478955516
0.3532206232325229,0.213862734820936,-0.30608152759295737,-0.9604130977777536
0.9413995656546776,0.2029372609234226,-0.30608152759295737,-0.02545507494110098
-0.3232309926783386,-0.3870383295423016,-0.30608152759295737,2.7794189935688567
0.14667051150401558,1.1316025422120626,-0.30608152759295737,0.9095029478955516
0.2386403097736616,-0.5509204380050028,-0.30608152759295737,-0.9604130977777536
-0.8796635495848248,-0.6711006508776503,-0.30608152759295737,-0.9604130977777536
-0.509951071490899,-1.2720017152408878,-0.30608152759295737,-0.9604130977777536
-0.2655130694453282,-0.4198147512348418,-0.30608152759295737,-0.9604130977777536
-0.2960678197010245,-0.7148025464677039,-0.30608152759295737,-0.9604130977777536
0.08128334595682539,0.36681936938612375,-0.30608152759295737,0.9095029478955516
-0.5786992595662158,-1.0425667633931062,-0.30608152759295737,-0.9604130977777536
-0.6092540098219121,-0.9988648678030526,-0.30608152759295737,-0.9604130977777536
-0.7392644721599001,-0.2777835905671675,-0.30608152759295737,0.9095029478955516
-0.3571773202124172,-0.1903797993870602,-0.30608152759295737,0.9095029478955516
0.058367283265053124,0.48699958225877127,-0.30608152759295737,0.9095029478955516
-0.26398533193254337,-0.7257280203652173,-0.30608152759295737,-0.9604130977777536
-0.4335641958516581,0.9240185381593077,-0.30608152759295737,-0.9604130977777536
-0.300651032239379,-0.0920505343094395,-0.30608152759295737,0.9095029478955516
2.116480261938299,1.21900633339217,4.926180057297974,-0.02545507494110098
-0.5252284466187471,1.120677068314549,-0.30608152759295737,-0.9604130977777536
-0.2044035689339355,-0.33241096005473453,-0.30608152759295737,-0.9604130977777536
0.1164213087508762,0.006278730768181197,-0.30608152759295737,-0.9604130977777536
-0.07301814283444118,-0.7585044420577576,-0.30608152759295737,-0.9604130977777536
-0.051629817655453734,-0.10297600820695291,-0.30608152759295737,0.9095029478955516
-0.9346621000450782,-0.13575242989949315,-0.30608152759295737,0.9095029478955516
-0.8048044114583688,-0.20130527328457362,-0.30608152759295737,0.9095029478955516
-1.0280832489518699,-1.3594055064209951,-0.30608152759295737,-0.9604130977777536
-0.8979963997382426,-1.2829271891384013,-0.30608152759295737,-0.9604130977777536
-0.11273931816684643,-0.4962930685174357,-0.30608152759295737,0.9095029478955516
0.3532206232325229,0.5962543212339054,-0.30608152759295737,0.9095029478955516
0.3914140610521433,0.6290307429264456,-0.30608152759295737,0.9095029478955516
-1.038548250914446,-1.676244249448884,-0.30608152759295737,-0.9604130977777536
-0.3113451948288727,0.03905515246072143,-0.30608152759295737,-0.9604130977777536
0.452523561563536,0.6290307429264456,-0.30608152759295737,0.9095029478955516
-0.509951071490899,1.1818597221406242,-0.30608152759295737,0.9095029478955516
-0.7666109736387483,-0.6164732813900832,-0.30608152759295737,-0.9604130977777536
-0.952994950198496,-0.7912808637502978,-0.30608152759295737,-0.9604130977777536
0.9413995656546776,1.0551242249294686,4.926180057297974,0.9095029478955516
-1.3980248876727135,0.5525524256438518,-0.30608152759295737,0.9095029478955516
4.791298097872418,-0.026497690924359035,-0.30608152759295737,-0.9604130977777536
5.065985302671128,-1.0971941328806734,-0.30608152759295737,-0.9604130977777536
-1.0813249012724206,1.2408572811871965,-0.30608152759295737,-0.9604130977777536
-0.9309104132096745,0.08275704805077508,-0.30608152759295737,0.9095029478955516
-1.2957173989009085,-0.8568337071353782,-0.30608152759295737,-0.9604130977777536
0.6184740488897869,0.7382854819015797,-0.30608152759295737,-0.9604130977777536
-0.3133821781802709,0.9786459076468748,-0.30608152759295737,0.9095029478955516
-0.8002211989200143,-0.16852885159203337,-0.30608152759295737,-0.9604130977777536
-1.1173031196985033,-0.6055478074925698,-0.30608152759295737,-0.9604130977777536
-0.12702671938641005,0.17016083923088235,-0.30608152759295737,0.9095029478955516
-0.2965414183299878,-0.5727713858000296,-0.30608152759295737,0.9095029478955516
-0.6474474476415326,-0.4853675946199223,-0.30608152759295737,2.7794189935688567
-0.7626825057478572,-0.2559326427721407,-0.30608152759295737,-0.9604130977777536
-1.1668782019883706,-1.7527225667314779,-0.30608152759295737,-0.9604130977777536
-0.8175355573992606,-0.3761128556447882,2.310049264852508,0.9095029478955516
-0.013436379835833297,0.8693911686717406,3.6181146610752415,-0.9604130977777536
-0.9458655084731855,0.3340429476935835,-0.30608152759295737,-0.9604130977777536
-0.9305881333453374,0.9677204337493613,-0.30608152759295737,0.9095029478955516
-0.5962682409632412,-0.5509204380050028,-0.30608152759295737,-0.02545507494110098
1.4608303200015156,0.9021675903642808,-0.30608152759295737,-0.02545507494110098
-0.8796635495848248,-0.3870383295423016,-0.30608152759295737,-0.9604130977777536
-0.9262595437247617,-0.3214854861572211,-0.30608152759295737,-0.9604130977777536
-0.8339173594363745,0.2794155782060165,-0.30608152759295737,0.9095029478955516
0.3058607603361936,0.46514863446374444,-0.30608152759295737,-0.9604130977777536
0.09193507139284654,1.7434290804728134,-0.30608152759295737,0.9095029478955516
0.03774282684245809,-0.6929515986726771,-0.30608152759295737,2.7794189935688567
-1.3272906408307763,-0.583696859697543,3.6181146610752415,-0.9604130977777536
-0.7391116984086216,-0.6711006508776503,2.310049264852508,-0.9604130977777536
-0.003251463084953132,-0.529069490209976,-0.30608152759295737,-0.9604130977777536
-0.8162624428042549,-0.3105600122597077,-0.30608152759295737,0.9095029478955516
-1.2016724238420446,-1.1845979240607807,-0.30608152759295737,-0.9604130977777536
-0.6583598584458289,-0.955162972212999,-0.30608152759295737,-0.9604130977777536
-1.2422465859534402,-0.6492497030826234,-0.30608152759295737,-0.02545507494110098
0.108591653997854,-0.015572217026845624,-0.30608152759295737,0.9095029478955516
-0.30882442793277776,0.02812967856320802,-0.30608152759295737,-0.9604130977777536
-1.0599365760934334,3.513355851869986,3.6181146610752415,1.8444609707322042
-0.8689693869953311,0.3231174737960701,-0.30608152759295737,-0.9604130977777536
0.45863451161467533,3.1528152132520435,-0.30608152759295737,0.9095029478955516
-1.1167684115690284,-1.326629084728455,-0.30608152759295737,-0.9604130977777536
-1.0660475261445725,0.08275704805077508,-0.30608152759295737,-0.02545507494110098
0.31873194888140566,1.4265903374449247,-0.30608152759295737,0.9095029478955516
-0.8339173594363745,-0.2887090644646809,-0.30608152759295737,-0.9604130977777536
-0.6869795654567307,-0.9223865505204587,-0.30608152759295737,-0.9604130977777536
-1.4012331364495616,-0.6929515986726771,-0.30608152759295737,-0.9604130977777536
-0.8427941509419328,-0.8896101288279185,-0.30608152759295737,-0.02545507494110098
-0.6100287909904196,-0.15760337769451996,-0.30608152759295737,0.9095029478955516
-0.9223933493267596,-0.44166569902986863,-0.30608152759295737,-0.9604130977777536
-1.4012331364495616,-0.8240572854428381,-0.30608152759295737,-0.9604130977777536
-0.6876269442277733,2.1148951929882696,-0.30608152759295737,-0.9604130977777536
-0.86259697557998,-0.1794543254895468,-0.30608152759295737,0.9095029478955516
-0.6529109279845815,-0.44166569902986863,-0.30608152759295737,-0.9604130977777536
0.4020373921756906,0.6727326385164992,-0.30608152759295737,0.9095029478955516
-0.3571773202124172,-0.2777835905671675,-0.30608152759295737,0.9095029478955516
-1.2672200018280773,-1.5342130887812098,-0.30608152759295737,-0.9604130977777536
-0.6115456160910894,0.060906100255748254,-0.30608152759295737,0.9095029478955516
-1.1098935927614968,-0.7585044420577576,-0.30608152759295737,-0.9604130977777536
-1.388400141342169,-1.4686602453961293,-0.30608152759295737,-0.9604130977777536
-0.7925553515777457,-1.0316412894955929,-0.30608152759295737,-0.02545507494110098
-0.2796119042052979,-0.9005356027254319,-0.30608152759295737,-0.9604130977777536
-0.3266225699567209,2.333404670938538,2.310049264852508,0.9095029478955516
-0.028713754963681472,-0.08112506041192609,-0.30608152759295737,-0.9604130977777536
-0.40637046812408834,0.880316642569254,-0.30608152759295737,-0.9604130977777536
-1.1767575712366938,-0.6820261247751637,-0.30608152759295737,-0.02545507494110098
-0.27315175700925226,4.1907352335158174,2.310049264852508,0.9095029478955516
-0.7121295035667324,-1.4358838237035891,-0.30608152759295737,-0.9604130977777536
-0.17387428096910043,0.213862734820936,-0.30608152759295737,0.9095029478955516
-0.7760225009502741,-1.1299705545732135,-0.30608152759295737,-0.9604130977777536
-0.8983783341164389,-1.2282998196508341,-0.30608152759295737,-0.9604130977777536
-0.7101228791035297,0.14830989143585555,-0.30608152759295737,0.9095029478955516
-1.125120043304567,-0.9114610766229453,-0.30608152759295737,-0.02545507494110098
-0.9301361776634532,-0.004646743129332213,-0.30608152759295737,-0.9604130977777536
-0.6566647973030194,-0.6929515986726771,-0.30608152759295737,0.9095029478955516
0.7580710641204995,0.2029372609234226,-0.30608152759295737,0.9095029478955516
0.41687635293087166,-0.3105600122597077,-0.30608152759295737,-0.9604130977777536
0.002772151306057224,0.8584656947742273,-0.30608152759295737,-0.9604130977777536
0.5540990094448166,1.25178275508471,-0.30608152759295737,0.9095029478955516
0.3846347258391607,1.0004968554419016,-0.30608152759295737,0.9095029478955516
-1.32474441164382,-1.009790341700566,-0.30608152759295737,-0.9604130977777536
-0.021075067399757386,0.18108631312839576,-0.30608152759295737,0.9095029478955516
0.1658143720271965,0.4979250561562847,-0.30608152759295737,-0.9604130977777536
-0.833258522633986,-0.583696859697543,-0.30608152759295737,-0.02545507494110098
-1.2016724238420446,-1.1845979240607807,-0.30608152759295737,0.9095029478955516
-0.6133279765216532,0.5962543212339054,-0.30608152759295737,0.9095029478955516
-1.2509037651915356,-0.63832422918511,-0.30608152759295737,-0.02545507494110098
0.04652731754097079,1.3610374940598442,-0.30608152759295737,0.9095029478955516
-0.9562201738379552,-0.4307402251323552,-0.30608152759295737,-0.9604130977777536
0.15341001641843074,-0.529069490209976,-0.30608152759295737,0.9095029478955516
-0.021075067399757386,0.9349440120568211,2.310049264852508,-0.02545507494110098
-0.37049046139481984,-0.8677591810328916,-0.30608152759295737,-0.9604130977777536
-1.2516676339479278,0.07401666893276435,-0.30608152759295737,0.9095029478955516
-0.9309104132096745,-0.06145920739640195,-0.30608152759295737,0.9095029478955516
-0.30882442793277776,-0.15760337769451996,1.0019838686297755,-0.9604130977777536
6.167784504422977,-0.45259117292738205,-0.30608152759295737,0.9095029478955516
-0.3631326673685095,-1.3484800325234818,-0.30608152759295737,-0.9604130977777536
2.42955095510322,2.3552556187335645,-0.30608152759295737,0.9095029478955516
-0.6921530193831495,1.0441987510319553,-0.30608152759295737,0.9095029478955516
-0.3786092950337541,-0.059274112616899265,-0.30608152759295737,0.9095029478955516
0.5540990094448166,0.9677204337493613,-0.30608152759295737,0.9095029478955516
-0.8614834731826855,-0.10297600820695291,-0.30608152759295737,-0.9604130977777536
-0.9305881333453374,0.23571368261596282,-0.30608152759295737,-0.9604130977777536
-0.35384685243454633,0.23571368261596282,-0.30608152759295737,0.9095029478955516
-0.2543181484485266,-0.7148025464677039,-0.30608152759295737,-0.9604130977777536
0.8272775734496518,1.7215781326777868,4.926180057297974,-0.9604130977777536
-1.2422465859534402,-1.009790341700566,-0.30608152759295737,-0.02545507494110098
-0.47058245096796114,-0.583696859697543,-0.30608152759295737,-0.02545507494110098
-0.3189838823927968,1.7106526587802733,-0.30608152759295737,0.9095029478955516
0.30474041949246605,0.3886703171811506,-0.30608152759295737,0.9095029478955516
0.42797520682294776,0.6104574373006728,-0.30608152759295737,0.9095029478955516
-0.9541270036954697,-1.1190450806757002,-0.30608152759295737,-0.9604130977777536
-1.0122275160521976,0.09368252194828848,-0.30608152759295737,-0.9604130977777536
0.7580710641204995,0.3231174737960701,-0.30608152759295737,-0.02545507494110098
-0.32509483244393605,-0.9660884461105124,-0.30608152759295737,0.9095029478955516
0.5997695220247666,0.19201178702590918,-0.30608152759295737,-0.02545507494110098
-0.1361646266972321,-0.397963803439815,-0.30608152759295737,-0.9604130977777536
-0.7391116984086216,-0.11390148210446632,-0.30608152759295737,-0.9604130977777536
1.5103290154157436,0.4105212649761774,-0.30608152759295737,-0.02545507494110098
-1.1553110465335554,-1.490511193191156,-0.30608152759295737,-0.02545507494110098
-0.5825186033481778,-0.5946223335950565,-0.30608152759295737,-0.9604130977777536
0.3160202147962126,0.5962543212339054,-0.30608152759295737,0.9095029478955516
-1.1325811059213564,-1.0753431850856465,-0.30608152759295737,-0.9604130977777536
-0.00579769227190921,0.6836581124140126,2.310049264852508,-0.9604130977777536
-0.9433192792831736,-0.6055478074925698,2.310049264852508,0.9095029478955516
-0.6494844309929307,-1.0534922372906197,-0.30608152759295737,-0.9604130977777536
-0.9674185383062232,-0.015572217026845624,-0.30608152759295737,-0.9604130977777536
-0.6432716317722356,-0.9333120244179721,-0.30608152759295737,0.9095029478955516
-0.2475257230061051,1.2299318072896832,-0.30608152759295737,0.9095029478955516
-0.6231694069571126,-1.2938526630359146,-0.30608152759295737,-0.9604130977777536
-0.9130622419804103,-1.0862686589831598,-0.30608152759295737,-0.9604130977777536
0.4537720918767621,1.1862299116996295,-0.30608152759295737,0.9095029478955516
0.15341001641843074,0.5744033734388786,-0.30608152759295737,0.9095029478955516
-0.9832950775364135,-1.064417711188133,-0.30608152759295737,-0.9604130977777536
-0.8002211989200143,1.9510130845255684,-0.30608152759295737,0.9095029478955516
-0.7456591448924216,1.492143180830005,-0.30608152759295737,0.9095029478955516
1.2494932973985973,1.3173355984697905,-0.30608152759295737,0.9095029478955516
-0.6662895436335637,-0.20130527328457362,-0.30608152759295737,-0.02545507494110098
-0.7116124231784949,-0.35426190784976136,-0.30608152759295737,0.9095029478955516
-0.8967742097280148,-0.2668581166696541,-0.30608152759295737,-0.9604130977777536
1.38291570684949,0.8147637991841736,-0.30608152759295737,-0.02545507494110098
-0.7742496612026724,1.382888441854871,-0.30608152759295737,-0.9604130977777536
-0.4961734253537495,-1.3594055064209951,-0.30608152759295737,-0.9604130977777536
-1.1033679710988715,0.46514863446374444,1.0019838686297755,-0.9604130977777536
1.247252615714198,1.1316025422120626,-0.30608152759295737,0.9095029478955516
0.0018409952920148773,1.8647018407352123,4.926180057297974,0.9095029478955516
-0.547380640554127,-0.9660884461105124,-0.30608152759295737,-0.02545507494110098
-0.9377939619462872,0.43237221277120425,-0.30608152759295737,0.9095029478955516
0.39905274861606743,0.3231174737960701,-0.30608152759295737,0.9095029478955516
-0.459841281071557,-0.955162972212999,-0.30608152759295737,-0.9604130977777536
-1.0477299533662825,-0.7803553898527844,-0.30608152759295737,-0.9604130977777536
-0.803582221448141,-1.2392252935483477,-0.30608152759295737,-0.9604130977777536
-1.1309509081470661,-1.2282998196508341,-0.30608152759295737,-0.9604130977777536
-0.6621519212020864,-0.13575242989949315,-0.30608152759295737,-0.9604130977777536
-1.0740872448056027,-1.0971941328806734,-0.30608152759295737,-0.9604130977777536
-0.509951071490899,1.3610374940598442,-0.30608152759295737,0.9095029478955516
-0.995771600556471,0.09368252194828848,-0.30608152759295737,0.9095029478955516
-0.5542554593616587,-1.064417711188133,-0.30608152759295737,2.7794189935688567
0.4131066052650896,0.02812967856320802,-0.30608152759295737,0.9095029478955516
-0.41790488634561374,2.3006282492459973,-0.30608152759295737,0.9095029478955516
-0.7697046421021376,-0.6055478074925698,-0.30608152759295737,-0.9604130977777536
-0.8482838210722247,-0.5399949641074894,-0.30608152759295737,-0.9604130977777536
0.18596697580786664,0.7055090602090395,-0.30608152759295737,0.9095029478955516
-0.8871324885348594,-0.40888927733732844,-0.30608152759295737,-0.9604130977777536
-0.999590944338433,-1.1299705545732135,-0.30608152759295737,-0.9604130977777536
-0.8670597151043501,-1.3047781369334281,-0.30608152759295737,-0.9604130977777536
0.4131066052650896,0.454223160566231,-0.30608152759295737,0.9095029478955516
-1.1439621392965982,-1.56698951047375,-0.30608152759295737,-0.9604130977777536
-0.2150977315234292,0.26849010430850306,-0.30608152759295737,-0.02545507494110098
-0.2361805091998597,-1.4031074020110488,2.310049264852508,-0.9604130977777536
-1.2516676339479278,-0.3214854861572211,-0.30608152759295737,0.9095029478955516
-0.33239402278313634,-0.8240572854428381,-0.30608152759295737,2.7794189935688567
0.0018409952920148773,0.43237221277120425,3.6181146610752415,-0.9604130977777536
-0.5309956557295098,0.5088505300537981,-0.30608152759295737,0.9095029478955516
0.4020373921756906,-0.33241096005473453,-0.30608152759295737,0.9095029478955516
0.05119866878245606,-0.6492497030826234,-0.30608152759295737,-0.02545507494110098
-1.1414159101096422,-1.1736724501632672,-0.30608152759295737,-0.02545507494110098
-0.8339173594363745,-0.18600960982805484,-0.30608152759295737,0.9095029478955516
-0.6841131479483682,-0.6492497030826234,1.0019838686297755,-0.9604130977777536
0.026612167820303633,-0.5072185424149491,-0.30608152759295737,-0.02545507494110098
2.280716118519183,1.863609293345461,-0.30608152759295737,2.7794189935688567
0.12864320885315472,-0.6929515986726771,-0.30608152759295737,0.9095029478955516
-0.9071628248149516,0.37774484328363717,-0.30608152759295737,0.9095029478955516
-0.7760225009502741,-1.3703309803185086,-0.30608152759295737,-0.9604130977777536
0.39905274861606743,-0.015572217026845624,-0.30608152759295737,0.9095029478955516
-0.26615471920069783,-0.14667790379700654,-0.30608152759295737,-0.9604130977777536
-0.7925553515777457,-0.6164732813900832,-0.30608152759295737,-0.9604130977777536
-0.20990342397996084,-0.4198147512348418,-0.30608152759295737,-0.02545507494110098
-0.4150403785091422,-0.9114610766229453,-0.30608152759295737,-0.9604130977777536
-0.7917677180149199,-0.46351664682489546,-0.30608152759295737,-0.9604130977777536
-0.16943111103812147,-0.2668581166696541,-0.30608152759295737,-0.9604130977777536
-0.16805869350478467,-0.2559326427721407,-0.30608152759295737,-0.02545507494110098
-0.34105120202123185,-0.5509204380050028,-0.30608152759295737,2.7794189935688567
-0.9541270036954697,-1.4795857192936426,-0.30608152759295737,-0.9604130977777536
-1.097198094030255,-1.1845979240607807,-0.30608152759295737,-0.9604130977777536
-0.4925942758581802,0.5416269517463383,-0.30608152759295737,0.9095029478955516
-0.44527685011532325,-0.2668581166696541,-0.30608152759295737,-0.9604130977777536
-0.8827801341109058,0.4432976866687176,-0.30608152759295737,0.9095029478955516
-0.7715812913601285,0.45203806578672834,-0.30608152759295737,0.9095029478955516
-1.0122275160521976,-0.5618459119025162,-0.30608152759295737,0.9095029478955516
-0.7141586523654512,-0.6711006508776503,-0.30608152759295737,-0.9604130977777536
-0.02311205075115576,-0.7257280203652173,-0.30608152759295737,0.9095029478955516
-0.38191393677257296,0.9677204337493613,-0.30608152759295737,0.9095029478955516
-1.0342705858786483,-0.03742316482187245,-0.30608152759295737,-0.9604130977777536
-0.9817164154388506,-0.6929515986726771,-0.30608152759295737,0.9095029478955516
